model,cond,pair,layer,variant,metric,value
en-ar-fair,fair,en-ar,0,raw,dprime_a2b,3.0699107724846475
en-ar-fair,fair,en-ar,0,raw,dprime_b2a,3.0028220739893667
en-ar-fair,fair,en-ar,0,raw,dprime_sym,3.0363664232370073
en-ar-fair,fair,en-ar,0,raw,asymmetry,0.06708869849528076
en-ar-fair,fair,en-ar,1,raw,dprime_a2b,1.9771016112648383
en-ar-fair,fair,en-ar,1,raw,dprime_b2a,2.1346463749392504
en-ar-fair,fair,en-ar,1,raw,dprime_sym,2.055873993102044
en-ar-fair,fair,en-ar,1,raw,asymmetry,-0.15754476367441206
en-ar-fair,fair,en-ar,2,raw,dprime_a2b,2.167051874194625
en-ar-fair,fair,en-ar,2,raw,dprime_b2a,2.267753300776329
en-ar-fair,fair,en-ar,2,raw,dprime_sym,2.217402587485477
en-ar-fair,fair,en-ar,2,raw,asymmetry,-0.10070142658170411
en-ar-fair,fair,en-ar,3,raw,dprime_a2b,2.12336414915715
en-ar-fair,fair,en-ar,3,raw,dprime_b2a,2.166409771001603
en-ar-fair,fair,en-ar,3,raw,dprime_sym,2.1448869600793765
en-ar-fair,fair,en-ar,3,raw,asymmetry,-0.0430456218444526
en-ar-fair,fair,en-ar,4,raw,dprime_a2b,1.9560319205846455
en-ar-fair,fair,en-ar,4,raw,dprime_b2a,2.1389248858754826
en-ar-fair,fair,en-ar,4,raw,dprime_sym,2.0474784032300644
en-ar-fair,fair,en-ar,4,raw,asymmetry,-0.1828929652908371
en-ar-fair,fair,en-ar,5,raw,dprime_a2b,1.2612836693927671
en-ar-fair,fair,en-ar,5,raw,dprime_b2a,1.2778377524508187
en-ar-fair,fair,en-ar,5,raw,dprime_sym,1.2695607109217928
en-ar-fair,fair,en-ar,5,raw,asymmetry,-0.016554083058051505
en-ar-fair,fair,en-ar,6,raw,dprime_a2b,1.5676837115449025
en-ar-fair,fair,en-ar,6,raw,dprime_b2a,1.545134026636074
en-ar-fair,fair,en-ar,6,raw,dprime_sym,1.5564088690904883
en-ar-fair,fair,en-ar,6,raw,asymmetry,0.02254968490882847
en-ar-fair,fair,en-ar,7,raw,dprime_a2b,2.234778518961073
en-ar-fair,fair,en-ar,7,raw,dprime_b2a,2.124671724948066
en-ar-fair,fair,en-ar,7,raw,dprime_sym,2.1797251219545695
en-ar-fair,fair,en-ar,7,raw,asymmetry,0.11010679401300694
en-ar-fair,fair,en-ar,8,raw,dprime_a2b,1.9685886069555638
en-ar-fair,fair,en-ar,8,raw,dprime_b2a,1.8454734441835519
en-ar-fair,fair,en-ar,8,raw,dprime_sym,1.9070310255695582
en-ar-fair,fair,en-ar,8,raw,asymmetry,0.12311516277201195
en-ar-fair,fair,en-ar,9,raw,dprime_a2b,2.334268560452516
en-ar-fair,fair,en-ar,9,raw,dprime_b2a,2.208021986767308
en-ar-fair,fair,en-ar,9,raw,dprime_sym,2.2711452736099123
en-ar-fair,fair,en-ar,9,raw,asymmetry,0.1262465736852083
en-ar-fair,fair,en-ar,10,raw,dprime_a2b,2.6579618199670514
en-ar-fair,fair,en-ar,10,raw,dprime_b2a,2.5076981042952013
en-ar-fair,fair,en-ar,10,raw,dprime_sym,2.5828299621311266
en-ar-fair,fair,en-ar,10,raw,asymmetry,0.15026371567185004
en-ar-fair,fair,en-ar,11,raw,dprime_a2b,3.028209237108124
en-ar-fair,fair,en-ar,11,raw,dprime_b2a,2.8531862881024903
en-ar-fair,fair,en-ar,11,raw,dprime_sym,2.940697762605308
en-ar-fair,fair,en-ar,11,raw,asymmetry,0.17502294900563387
en-ar-fair,fair,en-ar,12,raw,dprime_a2b,3.299297205970381
en-ar-fair,fair,en-ar,12,raw,dprime_b2a,2.9860444065273053
en-ar-fair,fair,en-ar,12,raw,dprime_sym,3.1426708062488427
en-ar-fair,fair,en-ar,12,raw,asymmetry,0.3132527994430756
en-ar-fair,fair,en-ar,13,raw,dprime_a2b,3.555699922496661
en-ar-fair,fair,en-ar,13,raw,dprime_b2a,3.1981508643451453
en-ar-fair,fair,en-ar,13,raw,dprime_sym,3.3769253934209034
en-ar-fair,fair,en-ar,13,raw,asymmetry,0.3575490581515157
en-ar-fair,fair,en-ar,14,raw,dprime_a2b,3.703008312140058
en-ar-fair,fair,en-ar,14,raw,dprime_b2a,3.085799799478778
en-ar-fair,fair,en-ar,14,raw,dprime_sym,3.3944040558094177
en-ar-fair,fair,en-ar,14,raw,asymmetry,0.6172085126612799
en-ar-fair,fair,en-ar,15,raw,dprime_a2b,3.81363955650598
en-ar-fair,fair,en-ar,15,raw,dprime_b2a,3.0638878587342075
en-ar-fair,fair,en-ar,15,raw,dprime_sym,3.4387637076200943
en-ar-fair,fair,en-ar,15,raw,asymmetry,0.7497516977717726
en-ar-fair,fair,en-ar,16,raw,dprime_a2b,3.194923179248341
en-ar-fair,fair,en-ar,16,raw,dprime_b2a,2.608590456680877
en-ar-fair,fair,en-ar,16,raw,dprime_sym,2.901756817964609
en-ar-fair,fair,en-ar,16,raw,asymmetry,0.5863327225674637
en-ar-fair,fair,en-ar,0,centered,dprime_a2b,3.253476860522244
en-ar-fair,fair,en-ar,0,centered,dprime_b2a,3.2606469545942773
en-ar-fair,fair,en-ar,0,centered,dprime_sym,3.257061907558261
en-ar-fair,fair,en-ar,0,centered,asymmetry,-0.007170094072033173
en-ar-fair,fair,en-ar,1,centered,dprime_a2b,4.574787352173355
en-ar-fair,fair,en-ar,1,centered,dprime_b2a,4.552134105871997
en-ar-fair,fair,en-ar,1,centered,dprime_sym,4.563460729022676
en-ar-fair,fair,en-ar,1,centered,asymmetry,0.02265324630135801
en-ar-fair,fair,en-ar,2,centered,dprime_a2b,4.5859400113744755
en-ar-fair,fair,en-ar,2,centered,dprime_b2a,4.550726651006175
en-ar-fair,fair,en-ar,2,centered,dprime_sym,4.568333331190326
en-ar-fair,fair,en-ar,2,centered,asymmetry,0.03521336036830025
en-ar-fair,fair,en-ar,3,centered,dprime_a2b,4.615208857470066
en-ar-fair,fair,en-ar,3,centered,dprime_b2a,4.580096805489651
en-ar-fair,fair,en-ar,3,centered,dprime_sym,4.5976528314798575
en-ar-fair,fair,en-ar,3,centered,asymmetry,0.03511205198041445
en-ar-fair,fair,en-ar,4,centered,dprime_a2b,4.175118441532287
en-ar-fair,fair,en-ar,4,centered,dprime_b2a,4.150810782055931
en-ar-fair,fair,en-ar,4,centered,dprime_sym,4.162964611794108
en-ar-fair,fair,en-ar,4,centered,asymmetry,0.024307659476355603
en-ar-fair,fair,en-ar,5,centered,dprime_a2b,2.570206598295547
en-ar-fair,fair,en-ar,5,centered,dprime_b2a,2.5403181734046036
en-ar-fair,fair,en-ar,5,centered,dprime_sym,2.5552623858500754
en-ar-fair,fair,en-ar,5,centered,asymmetry,0.029888424890943455
en-ar-fair,fair,en-ar,6,centered,dprime_a2b,3.19176699233981
en-ar-fair,fair,en-ar,6,centered,dprime_b2a,3.1879738287926638
en-ar-fair,fair,en-ar,6,centered,dprime_sym,3.189870410566237
en-ar-fair,fair,en-ar,6,centered,asymmetry,0.0037931635471464276
en-ar-fair,fair,en-ar,7,centered,dprime_a2b,4.344076181550465
en-ar-fair,fair,en-ar,7,centered,dprime_b2a,4.342925777777837
en-ar-fair,fair,en-ar,7,centered,dprime_sym,4.34350097966415
en-ar-fair,fair,en-ar,7,centered,asymmetry,0.0011504037726277616
en-ar-fair,fair,en-ar,8,centered,dprime_a2b,4.81571719418593
en-ar-fair,fair,en-ar,8,centered,dprime_b2a,4.811549093037932
en-ar-fair,fair,en-ar,8,centered,dprime_sym,4.8136331436119315
en-ar-fair,fair,en-ar,8,centered,asymmetry,0.004168101147997483
en-ar-fair,fair,en-ar,9,centered,dprime_a2b,5.449185809228962
en-ar-fair,fair,en-ar,9,centered,dprime_b2a,5.438898435112772
en-ar-fair,fair,en-ar,9,centered,dprime_sym,5.444042122170866
en-ar-fair,fair,en-ar,9,centered,asymmetry,0.010287374116190406
en-ar-fair,fair,en-ar,10,centered,dprime_a2b,5.905492317409219
en-ar-fair,fair,en-ar,10,centered,dprime_b2a,5.8968151978543055
en-ar-fair,fair,en-ar,10,centered,dprime_sym,5.9011537576317625
en-ar-fair,fair,en-ar,10,centered,asymmetry,0.008677119554913126
en-ar-fair,fair,en-ar,11,centered,dprime_a2b,6.4948078099151685
en-ar-fair,fair,en-ar,11,centered,dprime_b2a,6.4737949606170995
en-ar-fair,fair,en-ar,11,centered,dprime_sym,6.484301385266135
en-ar-fair,fair,en-ar,11,centered,asymmetry,0.021012849298069014
en-ar-fair,fair,en-ar,12,centered,dprime_a2b,6.648527421989468
en-ar-fair,fair,en-ar,12,centered,dprime_b2a,6.633016440543007
en-ar-fair,fair,en-ar,12,centered,dprime_sym,6.6407719312662365
en-ar-fair,fair,en-ar,12,centered,asymmetry,0.015510981446460903
en-ar-fair,fair,en-ar,13,centered,dprime_a2b,7.029171172107903
en-ar-fair,fair,en-ar,13,centered,dprime_b2a,7.010531746543132
en-ar-fair,fair,en-ar,13,centered,dprime_sym,7.019851459325517
en-ar-fair,fair,en-ar,13,centered,asymmetry,0.018639425564771273
en-ar-fair,fair,en-ar,14,centered,dprime_a2b,7.629515651393551
en-ar-fair,fair,en-ar,14,centered,dprime_b2a,7.612242985821367
en-ar-fair,fair,en-ar,14,centered,dprime_sym,7.62087931860746
en-ar-fair,fair,en-ar,14,centered,asymmetry,0.01727266557218421
en-ar-fair,fair,en-ar,15,centered,dprime_a2b,8.11383720973205
en-ar-fair,fair,en-ar,15,centered,dprime_b2a,8.09024502546507
en-ar-fair,fair,en-ar,15,centered,dprime_sym,8.10204111759856
en-ar-fair,fair,en-ar,15,centered,asymmetry,0.023592184266981064
en-ar-fair,fair,en-ar,16,centered,dprime_a2b,7.673864662538949
en-ar-fair,fair,en-ar,16,centered,dprime_b2a,7.664580716435399
en-ar-fair,fair,en-ar,16,centered,dprime_sym,7.6692226894871744
en-ar-fair,fair,en-ar,16,centered,asymmetry,0.0092839461035501
en-de-fair,fair,en-de,0,raw,dprime_a2b,4.408500747942851
en-de-fair,fair,en-de,0,raw,dprime_b2a,4.3211330580956435
en-de-fair,fair,en-de,0,raw,dprime_sym,4.364816903019247
en-de-fair,fair,en-de,0,raw,asymmetry,0.08736768984720733
en-de-fair,fair,en-de,1,raw,dprime_a2b,2.395601140609159
en-de-fair,fair,en-de,1,raw,dprime_b2a,2.1236909941075197
en-de-fair,fair,en-de,1,raw,dprime_sym,2.2596460673583394
en-de-fair,fair,en-de,1,raw,asymmetry,0.27191014650163936
en-de-fair,fair,en-de,2,raw,dprime_a2b,0.7374225717210694
en-de-fair,fair,en-de,2,raw,dprime_b2a,0.7357656121389752
en-de-fair,fair,en-de,2,raw,dprime_sym,0.7365940919300221
en-de-fair,fair,en-de,2,raw,asymmetry,0.0016569595820942196
en-de-fair,fair,en-de,3,raw,dprime_a2b,0.9549425261843388
en-de-fair,fair,en-de,3,raw,dprime_b2a,0.9252510628631894
en-de-fair,fair,en-de,3,raw,dprime_sym,0.940096794523764
en-de-fair,fair,en-de,3,raw,asymmetry,0.02969146332114947
en-de-fair,fair,en-de,4,raw,dprime_a2b,0.6319680858841352
en-de-fair,fair,en-de,4,raw,dprime_b2a,0.7217501954756446
en-de-fair,fair,en-de,4,raw,dprime_sym,0.6768591406798901
en-de-fair,fair,en-de,4,raw,asymmetry,-0.08978210959150934
en-de-fair,fair,en-de,5,raw,dprime_a2b,0.6518960321523884
en-de-fair,fair,en-de,5,raw,dprime_b2a,0.8083849491119485
en-de-fair,fair,en-de,5,raw,dprime_sym,0.7301404906321683
en-de-fair,fair,en-de,5,raw,asymmetry,-0.15648891695956002
en-de-fair,fair,en-de,6,raw,dprime_a2b,0.7878779931634273
en-de-fair,fair,en-de,6,raw,dprime_b2a,0.9860054643873856
en-de-fair,fair,en-de,6,raw,dprime_sym,0.8869417287754064
en-de-fair,fair,en-de,6,raw,asymmetry,-0.19812747122395824
en-de-fair,fair,en-de,7,raw,dprime_a2b,1.1367441992934195
en-de-fair,fair,en-de,7,raw,dprime_b2a,1.3836768764654246
en-de-fair,fair,en-de,7,raw,dprime_sym,1.260210537879422
en-de-fair,fair,en-de,7,raw,asymmetry,-0.24693267717200507
en-de-fair,fair,en-de,8,raw,dprime_a2b,1.651129296886581
en-de-fair,fair,en-de,8,raw,dprime_b2a,1.927548725327962
en-de-fair,fair,en-de,8,raw,dprime_sym,1.7893390111072713
en-de-fair,fair,en-de,8,raw,asymmetry,-0.276419428441381
en-de-fair,fair,en-de,9,raw,dprime_a2b,2.0882581663090973
en-de-fair,fair,en-de,9,raw,dprime_b2a,2.3454320187304076
en-de-fair,fair,en-de,9,raw,dprime_sym,2.216845092519753
en-de-fair,fair,en-de,9,raw,asymmetry,-0.2571738524213103
en-de-fair,fair,en-de,10,raw,dprime_a2b,2.544012249985327
en-de-fair,fair,en-de,10,raw,dprime_b2a,2.7966815271262364
en-de-fair,fair,en-de,10,raw,dprime_sym,2.670346888555781
en-de-fair,fair,en-de,10,raw,asymmetry,-0.25266927714090937
en-de-fair,fair,en-de,11,raw,dprime_a2b,3.237473928653127
en-de-fair,fair,en-de,11,raw,dprime_b2a,3.416021865649954
en-de-fair,fair,en-de,11,raw,dprime_sym,3.3267478971515407
en-de-fair,fair,en-de,11,raw,asymmetry,-0.17854793699682725
en-de-fair,fair,en-de,12,raw,dprime_a2b,3.6891073165833586
en-de-fair,fair,en-de,12,raw,dprime_b2a,3.7978180462687114
en-de-fair,fair,en-de,12,raw,dprime_sym,3.743462681426035
en-de-fair,fair,en-de,12,raw,asymmetry,-0.10871072968535289
en-de-fair,fair,en-de,13,raw,dprime_a2b,4.472553353048907
en-de-fair,fair,en-de,13,raw,dprime_b2a,4.489242799638319
en-de-fair,fair,en-de,13,raw,dprime_sym,4.480898076343613
en-de-fair,fair,en-de,13,raw,asymmetry,-0.01668944658941207
en-de-fair,fair,en-de,14,raw,dprime_a2b,4.722057163859836
en-de-fair,fair,en-de,14,raw,dprime_b2a,4.526662545140584
en-de-fair,fair,en-de,14,raw,dprime_sym,4.624359854500209
en-de-fair,fair,en-de,14,raw,asymmetry,0.19539461871925212
en-de-fair,fair,en-de,15,raw,dprime_a2b,4.620503703191693
en-de-fair,fair,en-de,15,raw,dprime_b2a,4.247765984371452
en-de-fair,fair,en-de,15,raw,dprime_sym,4.434134843781573
en-de-fair,fair,en-de,15,raw,asymmetry,0.37273771882024054
en-de-fair,fair,en-de,16,raw,dprime_a2b,3.3959993614803357
en-de-fair,fair,en-de,16,raw,dprime_b2a,2.700202444667288
en-de-fair,fair,en-de,16,raw,dprime_sym,3.0481009030738115
en-de-fair,fair,en-de,16,raw,asymmetry,0.6957969168130478
en-de-fair,fair,en-de,0,centered,dprime_a2b,4.615915413417873
en-de-fair,fair,en-de,0,centered,dprime_b2a,4.598905878856532
en-de-fair,fair,en-de,0,centered,dprime_sym,4.607410646137202
en-de-fair,fair,en-de,0,centered,asymmetry,0.0170095345613408
en-de-fair,fair,en-de,1,centered,dprime_a2b,7.494966778402213
en-de-fair,fair,en-de,1,centered,dprime_b2a,7.482070980219486
en-de-fair,fair,en-de,1,centered,dprime_sym,7.488518879310849
en-de-fair,fair,en-de,1,centered,asymmetry,0.012895798182726459
en-de-fair,fair,en-de,2,centered,dprime_a2b,2.1605234570885195
en-de-fair,fair,en-de,2,centered,dprime_b2a,2.2128430047002547
en-de-fair,fair,en-de,2,centered,dprime_sym,2.1866832308943875
en-de-fair,fair,en-de,2,centered,asymmetry,-0.052319547611735295
en-de-fair,fair,en-de,3,centered,dprime_a2b,2.4281006665657494
en-de-fair,fair,en-de,3,centered,dprime_b2a,2.420539635737702
en-de-fair,fair,en-de,3,centered,dprime_sym,2.424320151151726
en-de-fair,fair,en-de,3,centered,asymmetry,0.007561030828047599
en-de-fair,fair,en-de,4,centered,dprime_a2b,2.159447744266871
en-de-fair,fair,en-de,4,centered,dprime_b2a,2.1908642059536128
en-de-fair,fair,en-de,4,centered,dprime_sym,2.175155975110242
en-de-fair,fair,en-de,4,centered,asymmetry,-0.03141646168674184
en-de-fair,fair,en-de,5,centered,dprime_a2b,2.353369087310712
en-de-fair,fair,en-de,5,centered,dprime_b2a,2.3985327414431583
en-de-fair,fair,en-de,5,centered,dprime_sym,2.375950914376935
en-de-fair,fair,en-de,5,centered,asymmetry,-0.045163654132446496
en-de-fair,fair,en-de,6,centered,dprime_a2b,2.8638605185689534
en-de-fair,fair,en-de,6,centered,dprime_b2a,2.892668812313555
en-de-fair,fair,en-de,6,centered,dprime_sym,2.8782646654412543
en-de-fair,fair,en-de,6,centered,asymmetry,-0.0288082937446017
en-de-fair,fair,en-de,7,centered,dprime_a2b,3.8951179246316827
en-de-fair,fair,en-de,7,centered,dprime_b2a,3.9247648499309347
en-de-fair,fair,en-de,7,centered,dprime_sym,3.9099413872813087
en-de-fair,fair,en-de,7,centered,asymmetry,-0.029646925299251947
en-de-fair,fair,en-de,8,centered,dprime_a2b,4.914226437790038
en-de-fair,fair,en-de,8,centered,dprime_b2a,4.927705117116073
en-de-fair,fair,en-de,8,centered,dprime_sym,4.920965777453055
en-de-fair,fair,en-de,8,centered,asymmetry,-0.013478679326034637
en-de-fair,fair,en-de,9,centered,dprime_a2b,5.5384550426612185
en-de-fair,fair,en-de,9,centered,dprime_b2a,5.573319458192653
en-de-fair,fair,en-de,9,centered,dprime_sym,5.555887250426935
en-de-fair,fair,en-de,9,centered,asymmetry,-0.03486441553143482
en-de-fair,fair,en-de,10,centered,dprime_a2b,6.0100442470019715
en-de-fair,fair,en-de,10,centered,dprime_b2a,6.0497538990949105
en-de-fair,fair,en-de,10,centered,dprime_sym,6.0298990730484405
en-de-fair,fair,en-de,10,centered,asymmetry,-0.039709652092938974
en-de-fair,fair,en-de,11,centered,dprime_a2b,6.436022911894791
en-de-fair,fair,en-de,11,centered,dprime_b2a,6.4752226255226235
en-de-fair,fair,en-de,11,centered,dprime_sym,6.455622768708707
en-de-fair,fair,en-de,11,centered,asymmetry,-0.03919971362783237
en-de-fair,fair,en-de,12,centered,dprime_a2b,6.498622167136965
en-de-fair,fair,en-de,12,centered,dprime_b2a,6.5335941362078005
en-de-fair,fair,en-de,12,centered,dprime_sym,6.516108151672382
en-de-fair,fair,en-de,12,centered,asymmetry,-0.03497196907083566
en-de-fair,fair,en-de,13,centered,dprime_a2b,7.303152847866495
en-de-fair,fair,en-de,13,centered,dprime_b2a,7.324735342910955
en-de-fair,fair,en-de,13,centered,dprime_sym,7.313944095388726
en-de-fair,fair,en-de,13,centered,asymmetry,-0.02158249504446008
en-de-fair,fair,en-de,14,centered,dprime_a2b,7.944018163728341
en-de-fair,fair,en-de,14,centered,dprime_b2a,7.947825582371593
en-de-fair,fair,en-de,14,centered,dprime_sym,7.945921873049967
en-de-fair,fair,en-de,14,centered,asymmetry,-0.0038074186432517365
en-de-fair,fair,en-de,15,centered,dprime_a2b,8.584142241119784
en-de-fair,fair,en-de,15,centered,dprime_b2a,8.566270755391564
en-de-fair,fair,en-de,15,centered,dprime_sym,8.575206498255673
en-de-fair,fair,en-de,15,centered,asymmetry,0.017871485728219838
en-de-fair,fair,en-de,16,centered,dprime_a2b,8.808419714064812
en-de-fair,fair,en-de,16,centered,dprime_b2a,8.812848923934476
en-de-fair,fair,en-de,16,centered,dprime_sym,8.810634318999641
en-de-fair,fair,en-de,16,centered,asymmetry,-0.004429209869664774
en-fr-fair,fair,en-fr,0,raw,dprime_a2b,4.372988981858909
en-fr-fair,fair,en-fr,0,raw,dprime_b2a,4.1967270184646654
en-fr-fair,fair,en-fr,0,raw,dprime_sym,4.284858000161789
en-fr-fair,fair,en-fr,0,raw,asymmetry,0.17626196339424371
en-fr-fair,fair,en-fr,1,raw,dprime_a2b,3.8206291773010412
en-fr-fair,fair,en-fr,1,raw,dprime_b2a,2.877760098804325
en-fr-fair,fair,en-fr,1,raw,dprime_sym,3.3491946380526825
en-fr-fair,fair,en-fr,1,raw,asymmetry,0.9428690784967162
en-fr-fair,fair,en-fr,2,raw,dprime_a2b,0.4727920589706118
en-fr-fair,fair,en-fr,2,raw,dprime_b2a,0.6114030322785623
en-fr-fair,fair,en-fr,2,raw,dprime_sym,0.542097545624587
en-fr-fair,fair,en-fr,2,raw,asymmetry,-0.13861097330795052
en-fr-fair,fair,en-fr,3,raw,dprime_a2b,0.5664861614118389
en-fr-fair,fair,en-fr,3,raw,dprime_b2a,0.7540302501479866
en-fr-fair,fair,en-fr,3,raw,dprime_sym,0.6602582057799128
en-fr-fair,fair,en-fr,3,raw,asymmetry,-0.1875440887361477
en-fr-fair,fair,en-fr,4,raw,dprime_a2b,0.6315535290058184
en-fr-fair,fair,en-fr,4,raw,dprime_b2a,0.8102494443022197
en-fr-fair,fair,en-fr,4,raw,dprime_sym,0.7209014866540189
en-fr-fair,fair,en-fr,4,raw,asymmetry,-0.17869591529640128
en-fr-fair,fair,en-fr,5,raw,dprime_a2b,0.662389869045819
en-fr-fair,fair,en-fr,5,raw,dprime_b2a,0.8945609363712235
en-fr-fair,fair,en-fr,5,raw,dprime_sym,0.7784754027085213
en-fr-fair,fair,en-fr,5,raw,asymmetry,-0.2321710673254045
en-fr-fair,fair,en-fr,6,raw,dprime_a2b,0.8107403519470014
en-fr-fair,fair,en-fr,6,raw,dprime_b2a,1.0876579999664833
en-fr-fair,fair,en-fr,6,raw,dprime_sym,0.9491991759567423
en-fr-fair,fair,en-fr,6,raw,asymmetry,-0.2769176480194818
en-fr-fair,fair,en-fr,7,raw,dprime_a2b,1.0657924191658976
en-fr-fair,fair,en-fr,7,raw,dprime_b2a,1.5206839992779089
en-fr-fair,fair,en-fr,7,raw,dprime_sym,1.293238209221903
en-fr-fair,fair,en-fr,7,raw,asymmetry,-0.45489158011201125
en-fr-fair,fair,en-fr,8,raw,dprime_a2b,1.5396059200949284
en-fr-fair,fair,en-fr,8,raw,dprime_b2a,2.120418086767771
en-fr-fair,fair,en-fr,8,raw,dprime_sym,1.83001200343135
en-fr-fair,fair,en-fr,8,raw,asymmetry,-0.5808121666728427
en-fr-fair,fair,en-fr,9,raw,dprime_a2b,1.933767567264089
en-fr-fair,fair,en-fr,9,raw,dprime_b2a,2.622879752339967
en-fr-fair,fair,en-fr,9,raw,dprime_sym,2.278323659802029
en-fr-fair,fair,en-fr,9,raw,asymmetry,-0.6891121850758779
en-fr-fair,fair,en-fr,10,raw,dprime_a2b,2.269853804011455
en-fr-fair,fair,en-fr,10,raw,dprime_b2a,3.01816090180261
en-fr-fair,fair,en-fr,10,raw,dprime_sym,2.6440073529070327
en-fr-fair,fair,en-fr,10,raw,asymmetry,-0.7483070977911548
en-fr-fair,fair,en-fr,11,raw,dprime_a2b,2.7804780706260175
en-fr-fair,fair,en-fr,11,raw,dprime_b2a,3.5980894331981226
en-fr-fair,fair,en-fr,11,raw,dprime_sym,3.1892837519120696
en-fr-fair,fair,en-fr,11,raw,asymmetry,-0.8176113625721051
en-fr-fair,fair,en-fr,12,raw,dprime_a2b,3.376081441719462
en-fr-fair,fair,en-fr,12,raw,dprime_b2a,4.047574606873753
en-fr-fair,fair,en-fr,12,raw,dprime_sym,3.7118280242966075
en-fr-fair,fair,en-fr,12,raw,asymmetry,-0.671493165154291
en-fr-fair,fair,en-fr,13,raw,dprime_a2b,4.124638798785108
en-fr-fair,fair,en-fr,13,raw,dprime_b2a,4.550890923589066
en-fr-fair,fair,en-fr,13,raw,dprime_sym,4.337764861187088
en-fr-fair,fair,en-fr,13,raw,asymmetry,-0.42625212480395813
en-fr-fair,fair,en-fr,14,raw,dprime_a2b,4.497684703860404
en-fr-fair,fair,en-fr,14,raw,dprime_b2a,4.665283603730199
en-fr-fair,fair,en-fr,14,raw,dprime_sym,4.581484153795302
en-fr-fair,fair,en-fr,14,raw,asymmetry,-0.1675988998697946
en-fr-fair,fair,en-fr,15,raw,dprime_a2b,4.491882028075815
en-fr-fair,fair,en-fr,15,raw,dprime_b2a,4.4164384176056615
en-fr-fair,fair,en-fr,15,raw,dprime_sym,4.454160222840739
en-fr-fair,fair,en-fr,15,raw,asymmetry,0.07544361047015347
en-fr-fair,fair,en-fr,16,raw,dprime_a2b,3.2412021504413695
en-fr-fair,fair,en-fr,16,raw,dprime_b2a,3.0653042733221048
en-fr-fair,fair,en-fr,16,raw,dprime_sym,3.153253211881737
en-fr-fair,fair,en-fr,16,raw,asymmetry,0.17589787711926475
en-fr-fair,fair,en-fr,0,centered,dprime_a2b,4.791410308483593
en-fr-fair,fair,en-fr,0,centered,dprime_b2a,4.7555928746726535
en-fr-fair,fair,en-fr,0,centered,dprime_sym,4.773501591578123
en-fr-fair,fair,en-fr,0,centered,asymmetry,0.035817433810939825
en-fr-fair,fair,en-fr,1,centered,dprime_a2b,8.021041240863406
en-fr-fair,fair,en-fr,1,centered,dprime_b2a,7.989192182508305
en-fr-fair,fair,en-fr,1,centered,dprime_sym,8.005116711685856
en-fr-fair,fair,en-fr,1,centered,asymmetry,0.031849058355100546
en-fr-fair,fair,en-fr,2,centered,dprime_a2b,2.6149107871513366
en-fr-fair,fair,en-fr,2,centered,dprime_b2a,2.5948287039991005
en-fr-fair,fair,en-fr,2,centered,dprime_sym,2.6048697455752188
en-fr-fair,fair,en-fr,2,centered,asymmetry,0.02008208315223614
en-fr-fair,fair,en-fr,3,centered,dprime_a2b,2.6870916971944676
en-fr-fair,fair,en-fr,3,centered,dprime_b2a,2.6404876880747326
en-fr-fair,fair,en-fr,3,centered,dprime_sym,2.6637896926346
en-fr-fair,fair,en-fr,3,centered,asymmetry,0.04660400911973506
en-fr-fair,fair,en-fr,4,centered,dprime_a2b,2.475003203511425
en-fr-fair,fair,en-fr,4,centered,dprime_b2a,2.417406592898891
en-fr-fair,fair,en-fr,4,centered,dprime_sym,2.446204898205158
en-fr-fair,fair,en-fr,4,centered,asymmetry,0.05759661061253407
en-fr-fair,fair,en-fr,5,centered,dprime_a2b,2.4982803552094857
en-fr-fair,fair,en-fr,5,centered,dprime_b2a,2.4598609626385457
en-fr-fair,fair,en-fr,5,centered,dprime_sym,2.4790706589240155
en-fr-fair,fair,en-fr,5,centered,asymmetry,0.03841939257093996
en-fr-fair,fair,en-fr,6,centered,dprime_a2b,2.9921757720727813
en-fr-fair,fair,en-fr,6,centered,dprime_b2a,2.9821543291132326
en-fr-fair,fair,en-fr,6,centered,dprime_sym,2.987165050593007
en-fr-fair,fair,en-fr,6,centered,asymmetry,0.010021442959548654
en-fr-fair,fair,en-fr,7,centered,dprime_a2b,3.830321821401698
en-fr-fair,fair,en-fr,7,centered,dprime_b2a,3.8057679076885007
en-fr-fair,fair,en-fr,7,centered,dprime_sym,3.8180448645450986
en-fr-fair,fair,en-fr,7,centered,asymmetry,0.02455391371319715
en-fr-fair,fair,en-fr,8,centered,dprime_a2b,4.947737221274748
en-fr-fair,fair,en-fr,8,centered,dprime_b2a,4.957531347574669
en-fr-fair,fair,en-fr,8,centered,dprime_sym,4.952634284424709
en-fr-fair,fair,en-fr,8,centered,asymmetry,-0.009794126299921047
en-fr-fair,fair,en-fr,9,centered,dprime_a2b,5.636012071341275
en-fr-fair,fair,en-fr,9,centered,dprime_b2a,5.666624423501791
en-fr-fair,fair,en-fr,9,centered,dprime_sym,5.651318247421534
en-fr-fair,fair,en-fr,9,centered,asymmetry,-0.0306123521605155
en-fr-fair,fair,en-fr,10,centered,dprime_a2b,6.009307264839934
en-fr-fair,fair,en-fr,10,centered,dprime_b2a,6.042870021486665
en-fr-fair,fair,en-fr,10,centered,dprime_sym,6.026088643163299
en-fr-fair,fair,en-fr,10,centered,asymmetry,-0.03356275664673092
en-fr-fair,fair,en-fr,11,centered,dprime_a2b,6.462970178224031
en-fr-fair,fair,en-fr,11,centered,dprime_b2a,6.506261793919165
en-fr-fair,fair,en-fr,11,centered,dprime_sym,6.484615986071598
en-fr-fair,fair,en-fr,11,centered,asymmetry,-0.043291615695133956
en-fr-fair,fair,en-fr,12,centered,dprime_a2b,6.653082442545164
en-fr-fair,fair,en-fr,12,centered,dprime_b2a,6.677586437613984
en-fr-fair,fair,en-fr,12,centered,dprime_sym,6.665334440079573
en-fr-fair,fair,en-fr,12,centered,asymmetry,-0.024503995068820394
en-fr-fair,fair,en-fr,13,centered,dprime_a2b,7.316643525540638
en-fr-fair,fair,en-fr,13,centered,dprime_b2a,7.333184441747292
en-fr-fair,fair,en-fr,13,centered,dprime_sym,7.324913983643965
en-fr-fair,fair,en-fr,13,centered,asymmetry,-0.016540916206654543
en-fr-fair,fair,en-fr,14,centered,dprime_a2b,8.006589751999213
en-fr-fair,fair,en-fr,14,centered,dprime_b2a,8.009500993954815
en-fr-fair,fair,en-fr,14,centered,dprime_sym,8.008045372977014
en-fr-fair,fair,en-fr,14,centered,asymmetry,-0.00291124195560144
en-fr-fair,fair,en-fr,15,centered,dprime_a2b,8.620337283323119
en-fr-fair,fair,en-fr,15,centered,dprime_b2a,8.611187567265825
en-fr-fair,fair,en-fr,15,centered,dprime_sym,8.615762425294474
en-fr-fair,fair,en-fr,15,centered,asymmetry,0.0091497160572942
en-fr-fair,fair,en-fr,16,centered,dprime_a2b,8.833900728102028
en-fr-fair,fair,en-fr,16,centered,dprime_b2a,8.842103560070248
en-fr-fair,fair,en-fr,16,centered,dprime_sym,8.838002144086136
en-fr-fair,fair,en-fr,16,centered,asymmetry,-0.00820283196821947
en-zh-fair,fair,en-zh,0,raw,dprime_a2b,2.307408776753795
en-zh-fair,fair,en-zh,0,raw,dprime_b2a,2.753276970233772
en-zh-fair,fair,en-zh,0,raw,dprime_sym,2.530342873493783
en-zh-fair,fair,en-zh,0,raw,asymmetry,-0.44586819347997686
en-zh-fair,fair,en-zh,1,raw,dprime_a2b,2.4409968820358716
en-zh-fair,fair,en-zh,1,raw,dprime_b2a,2.8866701841979148
en-zh-fair,fair,en-zh,1,raw,dprime_sym,2.663833533116893
en-zh-fair,fair,en-zh,1,raw,asymmetry,-0.44567330216204315
en-zh-fair,fair,en-zh,2,raw,dprime_a2b,1.9456623258259949
en-zh-fair,fair,en-zh,2,raw,dprime_b2a,2.3102633070918603
en-zh-fair,fair,en-zh,2,raw,dprime_sym,2.1279628164589277
en-zh-fair,fair,en-zh,2,raw,asymmetry,-0.3646009812658655
en-zh-fair,fair,en-zh,3,raw,dprime_a2b,2.1896298782572563
en-zh-fair,fair,en-zh,3,raw,dprime_b2a,2.529457160579096
en-zh-fair,fair,en-zh,3,raw,dprime_sym,2.3595435194181764
en-zh-fair,fair,en-zh,3,raw,asymmetry,-0.3398272823218398
en-zh-fair,fair,en-zh,4,raw,dprime_a2b,2.296236941163827
en-zh-fair,fair,en-zh,4,raw,dprime_b2a,2.6340622086122134
en-zh-fair,fair,en-zh,4,raw,dprime_sym,2.4651495748880206
en-zh-fair,fair,en-zh,4,raw,asymmetry,-0.3378252674483866
en-zh-fair,fair,en-zh,5,raw,dprime_a2b,0.9723783774729416
en-zh-fair,fair,en-zh,5,raw,dprime_b2a,1.19536635994702
en-zh-fair,fair,en-zh,5,raw,dprime_sym,1.0838723687099807
en-zh-fair,fair,en-zh,5,raw,asymmetry,-0.22298798247407825
en-zh-fair,fair,en-zh,6,raw,dprime_a2b,1.1563009023659012
en-zh-fair,fair,en-zh,6,raw,dprime_b2a,1.5043149484237064
en-zh-fair,fair,en-zh,6,raw,dprime_sym,1.3303079253948038
en-zh-fair,fair,en-zh,6,raw,asymmetry,-0.34801404605780517
en-zh-fair,fair,en-zh,7,raw,dprime_a2b,1.4980989118924433
en-zh-fair,fair,en-zh,7,raw,dprime_b2a,2.0298386476481554
en-zh-fair,fair,en-zh,7,raw,dprime_sym,1.7639687797702992
en-zh-fair,fair,en-zh,7,raw,asymmetry,-0.5317397357557121
en-zh-fair,fair,en-zh,8,raw,dprime_a2b,1.7774869025283428
en-zh-fair,fair,en-zh,8,raw,dprime_b2a,2.393106165619726
en-zh-fair,fair,en-zh,8,raw,dprime_sym,2.0852965340740344
en-zh-fair,fair,en-zh,8,raw,asymmetry,-0.615619263091383
en-zh-fair,fair,en-zh,9,raw,dprime_a2b,1.9843715198905003
en-zh-fair,fair,en-zh,9,raw,dprime_b2a,2.5619902257696414
en-zh-fair,fair,en-zh,9,raw,dprime_sym,2.273180872830071
en-zh-fair,fair,en-zh,9,raw,asymmetry,-0.5776187058791411
en-zh-fair,fair,en-zh,10,raw,dprime_a2b,2.2512602935176793
en-zh-fair,fair,en-zh,10,raw,dprime_b2a,2.8056568837543785
en-zh-fair,fair,en-zh,10,raw,dprime_sym,2.528458588636029
en-zh-fair,fair,en-zh,10,raw,asymmetry,-0.5543965902366992
en-zh-fair,fair,en-zh,11,raw,dprime_a2b,2.6675785556226628
en-zh-fair,fair,en-zh,11,raw,dprime_b2a,3.066787528866414
en-zh-fair,fair,en-zh,11,raw,dprime_sym,2.867183042244538
en-zh-fair,fair,en-zh,11,raw,asymmetry,-0.39920897324375115
en-zh-fair,fair,en-zh,12,raw,dprime_a2b,3.1365583276074895
en-zh-fair,fair,en-zh,12,raw,dprime_b2a,3.369679233645869
en-zh-fair,fair,en-zh,12,raw,dprime_sym,3.253118780626679
en-zh-fair,fair,en-zh,12,raw,asymmetry,-0.23312090603837943
en-zh-fair,fair,en-zh,13,raw,dprime_a2b,3.6333154371603205
en-zh-fair,fair,en-zh,13,raw,dprime_b2a,3.608357965311935
en-zh-fair,fair,en-zh,13,raw,dprime_sym,3.6208367012361276
en-zh-fair,fair,en-zh,13,raw,asymmetry,0.02495747184838537
en-zh-fair,fair,en-zh,14,raw,dprime_a2b,4.0022076513698535
en-zh-fair,fair,en-zh,14,raw,dprime_b2a,3.6685662167317092
en-zh-fair,fair,en-zh,14,raw,dprime_sym,3.8353869340507813
en-zh-fair,fair,en-zh,14,raw,asymmetry,0.3336414346381442
en-zh-fair,fair,en-zh,15,raw,dprime_a2b,4.083004001828661
en-zh-fair,fair,en-zh,15,raw,dprime_b2a,3.72883604391233
en-zh-fair,fair,en-zh,15,raw,dprime_sym,3.905920022870495
en-zh-fair,fair,en-zh,15,raw,asymmetry,0.3541679579163306
en-zh-fair,fair,en-zh,16,raw,dprime_a2b,1.726548875734439
en-zh-fair,fair,en-zh,16,raw,dprime_b2a,2.555907506091379
en-zh-fair,fair,en-zh,16,raw,dprime_sym,2.141228190912909
en-zh-fair,fair,en-zh,16,raw,asymmetry,-0.82935863035694
en-zh-fair,fair,en-zh,0,centered,dprime_a2b,3.3929460188802016
en-zh-fair,fair,en-zh,0,centered,dprime_b2a,3.348165565143544
en-zh-fair,fair,en-zh,0,centered,dprime_sym,3.3705557920118725
en-zh-fair,fair,en-zh,0,centered,asymmetry,0.044780453736657844
en-zh-fair,fair,en-zh,1,centered,dprime_a2b,5.876445202132895
en-zh-fair,fair,en-zh,1,centered,dprime_b2a,5.860337154103869
en-zh-fair,fair,en-zh,1,centered,dprime_sym,5.868391178118382
en-zh-fair,fair,en-zh,1,centered,asymmetry,0.0161080480290261
en-zh-fair,fair,en-zh,2,centered,dprime_a2b,4.591868725912197
en-zh-fair,fair,en-zh,2,centered,dprime_b2a,4.559660395718203
en-zh-fair,fair,en-zh,2,centered,dprime_sym,4.575764560815199
en-zh-fair,fair,en-zh,2,centered,asymmetry,0.03220833019399372
en-zh-fair,fair,en-zh,3,centered,dprime_a2b,4.371219176428045
en-zh-fair,fair,en-zh,3,centered,dprime_b2a,4.340292259441509
en-zh-fair,fair,en-zh,3,centered,dprime_sym,4.355755717934777
en-zh-fair,fair,en-zh,3,centered,asymmetry,0.030926916986535602
en-zh-fair,fair,en-zh,4,centered,dprime_a2b,4.642730141563105
en-zh-fair,fair,en-zh,4,centered,dprime_b2a,4.623253697351127
en-zh-fair,fair,en-zh,4,centered,dprime_sym,4.632991919457115
en-zh-fair,fair,en-zh,4,centered,asymmetry,0.019476444211977473
en-zh-fair,fair,en-zh,5,centered,dprime_a2b,2.4416565972425377
en-zh-fair,fair,en-zh,5,centered,dprime_b2a,2.43045185106842
en-zh-fair,fair,en-zh,5,centered,dprime_sym,2.436054224155479
en-zh-fair,fair,en-zh,5,centered,asymmetry,0.011204746174117819
en-zh-fair,fair,en-zh,6,centered,dprime_a2b,3.106880988043051
en-zh-fair,fair,en-zh,6,centered,dprime_b2a,3.084260086357917
en-zh-fair,fair,en-zh,6,centered,dprime_sym,3.0955705372004836
en-zh-fair,fair,en-zh,6,centered,asymmetry,0.022620901685133976
en-zh-fair,fair,en-zh,7,centered,dprime_a2b,4.191495936551841
en-zh-fair,fair,en-zh,7,centered,dprime_b2a,4.133667937132846
en-zh-fair,fair,en-zh,7,centered,dprime_sym,4.162581936842344
en-zh-fair,fair,en-zh,7,centered,asymmetry,0.05782799941899519
en-zh-fair,fair,en-zh,8,centered,dprime_a2b,4.792944993112923
en-zh-fair,fair,en-zh,8,centered,dprime_b2a,4.725973784074289
en-zh-fair,fair,en-zh,8,centered,dprime_sym,4.759459388593606
en-zh-fair,fair,en-zh,8,centered,asymmetry,0.06697120903863407
en-zh-fair,fair,en-zh,9,centered,dprime_a2b,5.112418424229988
en-zh-fair,fair,en-zh,9,centered,dprime_b2a,5.035089761283464
en-zh-fair,fair,en-zh,9,centered,dprime_sym,5.073754092756726
en-zh-fair,fair,en-zh,9,centered,asymmetry,0.07732866294652396
en-zh-fair,fair,en-zh,10,centered,dprime_a2b,5.302822221223154
en-zh-fair,fair,en-zh,10,centered,dprime_b2a,5.230311028516679
en-zh-fair,fair,en-zh,10,centered,dprime_sym,5.266566624869918
en-zh-fair,fair,en-zh,10,centered,asymmetry,0.07251119270647521
en-zh-fair,fair,en-zh,11,centered,dprime_a2b,5.401315897742971
en-zh-fair,fair,en-zh,11,centered,dprime_b2a,5.3405377824378055
en-zh-fair,fair,en-zh,11,centered,dprime_sym,5.370926840090387
en-zh-fair,fair,en-zh,11,centered,asymmetry,0.060778115305165414
en-zh-fair,fair,en-zh,12,centered,dprime_a2b,5.7482261623863025
en-zh-fair,fair,en-zh,12,centered,dprime_b2a,5.690272710465606
en-zh-fair,fair,en-zh,12,centered,dprime_sym,5.7192494364259545
en-zh-fair,fair,en-zh,12,centered,asymmetry,0.057953451920696786
en-zh-fair,fair,en-zh,13,centered,dprime_a2b,6.220985623721178
en-zh-fair,fair,en-zh,13,centered,dprime_b2a,6.1854577723921
en-zh-fair,fair,en-zh,13,centered,dprime_sym,6.203221698056638
en-zh-fair,fair,en-zh,13,centered,asymmetry,0.03552785132907754
en-zh-fair,fair,en-zh,14,centered,dprime_a2b,7.00440912252796
en-zh-fair,fair,en-zh,14,centered,dprime_b2a,6.97958751713427
en-zh-fair,fair,en-zh,14,centered,dprime_sym,6.991998319831116
en-zh-fair,fair,en-zh,14,centered,asymmetry,0.02482160539369005
en-zh-fair,fair,en-zh,15,centered,dprime_a2b,8.04759654608043
en-zh-fair,fair,en-zh,15,centered,dprime_b2a,8.031890284235457
en-zh-fair,fair,en-zh,15,centered,dprime_sym,8.039743415157941
en-zh-fair,fair,en-zh,15,centered,asymmetry,0.015706261844972147
en-zh-fair,fair,en-zh,16,centered,dprime_a2b,7.689410489746465
en-zh-fair,fair,en-zh,16,centered,dprime_b2a,7.671701990217987
en-zh-fair,fair,en-zh,16,centered,dprime_sym,7.680556239982226
en-zh-fair,fair,en-zh,16,centered,asymmetry,0.017708499528477972
en-ar-starved,starved,en-ar,0,raw,dprime_a2b,1.0781259871734727
en-ar-starved,starved,en-ar,0,raw,dprime_b2a,1.0448599521046242
en-ar-starved,starved,en-ar,0,raw,dprime_sym,1.0614929696390483
en-ar-starved,starved,en-ar,0,raw,asymmetry,0.03326603506884851
en-ar-starved,starved,en-ar,1,raw,dprime_a2b,1.5673766891071308
en-ar-starved,starved,en-ar,1,raw,dprime_b2a,1.0291675615536686
en-ar-starved,starved,en-ar,1,raw,dprime_sym,1.2982721253303997
en-ar-starved,starved,en-ar,1,raw,asymmetry,0.5382091275534622
en-ar-starved,starved,en-ar,2,raw,dprime_a2b,1.285800726040224
en-ar-starved,starved,en-ar,2,raw,dprime_b2a,0.6852496834794743
en-ar-starved,starved,en-ar,2,raw,dprime_sym,0.9855252047598492
en-ar-starved,starved,en-ar,2,raw,asymmetry,0.6005510425607496
en-ar-starved,starved,en-ar,3,raw,dprime_a2b,1.152055591127791
en-ar-starved,starved,en-ar,3,raw,dprime_b2a,0.5216819353454403
en-ar-starved,starved,en-ar,3,raw,dprime_sym,0.8368687632366155
en-ar-starved,starved,en-ar,3,raw,asymmetry,0.6303736557823507
en-ar-starved,starved,en-ar,4,raw,dprime_a2b,1.3147806869304173
en-ar-starved,starved,en-ar,4,raw,dprime_b2a,0.5328993330533545
en-ar-starved,starved,en-ar,4,raw,dprime_sym,0.923840009991886
en-ar-starved,starved,en-ar,4,raw,asymmetry,0.7818813538770628
en-ar-starved,starved,en-ar,5,raw,dprime_a2b,1.4312642387758772
en-ar-starved,starved,en-ar,5,raw,dprime_b2a,0.541180772856959
en-ar-starved,starved,en-ar,5,raw,dprime_sym,0.9862225058164182
en-ar-starved,starved,en-ar,5,raw,asymmetry,0.8900834659189182
en-ar-starved,starved,en-ar,6,raw,dprime_a2b,1.616003760398017
en-ar-starved,starved,en-ar,6,raw,dprime_b2a,0.7039051684755306
en-ar-starved,starved,en-ar,6,raw,dprime_sym,1.1599544644367736
en-ar-starved,starved,en-ar,6,raw,asymmetry,0.9120985919224864
en-ar-starved,starved,en-ar,7,raw,dprime_a2b,1.73025158781898
en-ar-starved,starved,en-ar,7,raw,dprime_b2a,0.8826914005717822
en-ar-starved,starved,en-ar,7,raw,dprime_sym,1.306471494195381
en-ar-starved,starved,en-ar,7,raw,asymmetry,0.8475601872471977
en-ar-starved,starved,en-ar,8,raw,dprime_a2b,0.8279532161661235
en-ar-starved,starved,en-ar,8,raw,dprime_b2a,1.110946602812395
en-ar-starved,starved,en-ar,8,raw,dprime_sym,0.9694499094892594
en-ar-starved,starved,en-ar,8,raw,asymmetry,-0.2829933866462716
en-ar-starved,starved,en-ar,9,raw,dprime_a2b,1.2372031522528657
en-ar-starved,starved,en-ar,9,raw,dprime_b2a,1.74299075837016
en-ar-starved,starved,en-ar,9,raw,dprime_sym,1.490096955311513
en-ar-starved,starved,en-ar,9,raw,asymmetry,-0.5057876061172943
en-ar-starved,starved,en-ar,10,raw,dprime_a2b,1.9045567435876927
en-ar-starved,starved,en-ar,10,raw,dprime_b2a,2.6369227584584225
en-ar-starved,starved,en-ar,10,raw,dprime_sym,2.2707397510230574
en-ar-starved,starved,en-ar,10,raw,asymmetry,-0.7323660148707298
en-ar-starved,starved,en-ar,11,raw,dprime_a2b,2.6189162104969084
en-ar-starved,starved,en-ar,11,raw,dprime_b2a,3.6167371216138555
en-ar-starved,starved,en-ar,11,raw,dprime_sym,3.117826666055382
en-ar-starved,starved,en-ar,11,raw,asymmetry,-0.9978209111169472
en-ar-starved,starved,en-ar,12,raw,dprime_a2b,3.2039348018394525
en-ar-starved,starved,en-ar,12,raw,dprime_b2a,4.077893926786799
en-ar-starved,starved,en-ar,12,raw,dprime_sym,3.6409143643131254
en-ar-starved,starved,en-ar,12,raw,asymmetry,-0.8739591249473464
en-ar-starved,starved,en-ar,13,raw,dprime_a2b,3.5819203593127082
en-ar-starved,starved,en-ar,13,raw,dprime_b2a,4.171684009655199
en-ar-starved,starved,en-ar,13,raw,dprime_sym,3.8768021844839535
en-ar-starved,starved,en-ar,13,raw,asymmetry,-0.589763650342491
en-ar-starved,starved,en-ar,14,raw,dprime_a2b,3.7281200246194133
en-ar-starved,starved,en-ar,14,raw,dprime_b2a,3.9531229438581907
en-ar-starved,starved,en-ar,14,raw,dprime_sym,3.8406214842388016
en-ar-starved,starved,en-ar,14,raw,asymmetry,-0.22500291923877747
en-ar-starved,starved,en-ar,15,raw,dprime_a2b,3.3642437395763185
en-ar-starved,starved,en-ar,15,raw,dprime_b2a,3.1986126406656314
en-ar-starved,starved,en-ar,15,raw,dprime_sym,3.281428190120975
en-ar-starved,starved,en-ar,15,raw,asymmetry,0.16563109891068706
en-ar-starved,starved,en-ar,16,raw,dprime_a2b,2.646078461646056
en-ar-starved,starved,en-ar,16,raw,dprime_b2a,1.8365950938410092
en-ar-starved,starved,en-ar,16,raw,dprime_sym,2.2413367777435327
en-ar-starved,starved,en-ar,16,raw,asymmetry,0.809483367805047
en-ar-starved,starved,en-ar,0,centered,dprime_a2b,1.1365739563701958
en-ar-starved,starved,en-ar,0,centered,dprime_b2a,1.1320932430080717
en-ar-starved,starved,en-ar,0,centered,dprime_sym,1.1343335996891337
en-ar-starved,starved,en-ar,0,centered,asymmetry,0.004480713362124078
en-ar-starved,starved,en-ar,1,centered,dprime_a2b,2.963293455253336
en-ar-starved,starved,en-ar,1,centered,dprime_b2a,2.906895302386744
en-ar-starved,starved,en-ar,1,centered,dprime_sym,2.93509437882004
en-ar-starved,starved,en-ar,1,centered,asymmetry,0.056398152866592
en-ar-starved,starved,en-ar,2,centered,dprime_a2b,3.4340904948311732
en-ar-starved,starved,en-ar,2,centered,dprime_b2a,3.382117029336927
en-ar-starved,starved,en-ar,2,centered,dprime_sym,3.4081037620840497
en-ar-starved,starved,en-ar,2,centered,asymmetry,0.051973465494246085
en-ar-starved,starved,en-ar,3,centered,dprime_a2b,3.314461676008617
en-ar-starved,starved,en-ar,3,centered,dprime_b2a,3.27684435183134
en-ar-starved,starved,en-ar,3,centered,dprime_sym,3.2956530139199787
en-ar-starved,starved,en-ar,3,centered,asymmetry,0.037617324177277034
en-ar-starved,starved,en-ar,4,centered,dprime_a2b,3.045862831704665
en-ar-starved,starved,en-ar,4,centered,dprime_b2a,3.008974887855561
en-ar-starved,starved,en-ar,4,centered,dprime_sym,3.0274188597801124
en-ar-starved,starved,en-ar,4,centered,asymmetry,0.03688794384910432
en-ar-starved,starved,en-ar,5,centered,dprime_a2b,3.014710310733178
en-ar-starved,starved,en-ar,5,centered,dprime_b2a,2.980011764199814
en-ar-starved,starved,en-ar,5,centered,dprime_sym,2.997361037466496
en-ar-starved,starved,en-ar,5,centered,asymmetry,0.034698546533364016
en-ar-starved,starved,en-ar,6,centered,dprime_a2b,3.0539328672313437
en-ar-starved,starved,en-ar,6,centered,dprime_b2a,3.025703992310922
en-ar-starved,starved,en-ar,6,centered,dprime_sym,3.0398184297711333
en-ar-starved,starved,en-ar,6,centered,asymmetry,0.02822887492042181
en-ar-starved,starved,en-ar,7,centered,dprime_a2b,3.482155689731659
en-ar-starved,starved,en-ar,7,centered,dprime_b2a,3.462961161294585
en-ar-starved,starved,en-ar,7,centered,dprime_sym,3.4725584255131228
en-ar-starved,starved,en-ar,7,centered,asymmetry,0.01919452843707381
en-ar-starved,starved,en-ar,8,centered,dprime_a2b,2.1477139095844557
en-ar-starved,starved,en-ar,8,centered,dprime_b2a,2.0513746228770815
en-ar-starved,starved,en-ar,8,centered,dprime_sym,2.0995442662307684
en-ar-starved,starved,en-ar,8,centered,asymmetry,0.09633928670737424
en-ar-starved,starved,en-ar,9,centered,dprime_a2b,3.2120936695985938
en-ar-starved,starved,en-ar,9,centered,dprime_b2a,3.1067185078830777
en-ar-starved,starved,en-ar,9,centered,dprime_sym,3.159406088740836
en-ar-starved,starved,en-ar,9,centered,asymmetry,0.10537516171551609
en-ar-starved,starved,en-ar,10,centered,dprime_a2b,4.522706614169866
en-ar-starved,starved,en-ar,10,centered,dprime_b2a,4.42983917980223
en-ar-starved,starved,en-ar,10,centered,dprime_sym,4.476272896986049
en-ar-starved,starved,en-ar,10,centered,asymmetry,0.09286743436763611
en-ar-starved,starved,en-ar,11,centered,dprime_a2b,5.608751083690092
en-ar-starved,starved,en-ar,11,centered,dprime_b2a,5.551184322584846
en-ar-starved,starved,en-ar,11,centered,dprime_sym,5.579967703137469
en-ar-starved,starved,en-ar,11,centered,asymmetry,0.057566761105245945
en-ar-starved,starved,en-ar,12,centered,dprime_a2b,6.5780824761762675
en-ar-starved,starved,en-ar,12,centered,dprime_b2a,6.536793491760275
en-ar-starved,starved,en-ar,12,centered,dprime_sym,6.5574379839682715
en-ar-starved,starved,en-ar,12,centered,asymmetry,0.041288984415992935
en-ar-starved,starved,en-ar,13,centered,dprime_a2b,7.1286586738317315
en-ar-starved,starved,en-ar,13,centered,dprime_b2a,7.1116173031476375
en-ar-starved,starved,en-ar,13,centered,dprime_sym,7.1201379884896845
en-ar-starved,starved,en-ar,13,centered,asymmetry,0.01704137068409395
en-ar-starved,starved,en-ar,14,centered,dprime_a2b,7.727993603263159
en-ar-starved,starved,en-ar,14,centered,dprime_b2a,7.7241921005708525
en-ar-starved,starved,en-ar,14,centered,dprime_sym,7.726092851917006
en-ar-starved,starved,en-ar,14,centered,asymmetry,0.003801502692306613
en-ar-starved,starved,en-ar,15,centered,dprime_a2b,8.313982222663073
en-ar-starved,starved,en-ar,15,centered,dprime_b2a,8.294461441076884
en-ar-starved,starved,en-ar,15,centered,dprime_sym,8.304221831869977
en-ar-starved,starved,en-ar,15,centered,asymmetry,0.01952078158618953
en-ar-starved,starved,en-ar,16,centered,dprime_a2b,8.07945394744266
en-ar-starved,starved,en-ar,16,centered,dprime_b2a,8.101988393004158
en-ar-starved,starved,en-ar,16,centered,dprime_sym,8.090721170223407
en-ar-starved,starved,en-ar,16,centered,asymmetry,-0.022534445561497307
en-de-starved,starved,en-de,0,raw,dprime_a2b,2.9361030093771445
en-de-starved,starved,en-de,0,raw,dprime_b2a,2.933063462841232
en-de-starved,starved,en-de,0,raw,dprime_sym,2.934583236109188
en-de-starved,starved,en-de,0,raw,asymmetry,0.0030395465359123186
en-de-starved,starved,en-de,1,raw,dprime_a2b,3.2377879589042675
en-de-starved,starved,en-de,1,raw,dprime_b2a,2.6926453438314546
en-de-starved,starved,en-de,1,raw,dprime_sym,2.9652166513678613
en-de-starved,starved,en-de,1,raw,asymmetry,0.5451426150728129
en-de-starved,starved,en-de,2,raw,dprime_a2b,2.463429459113261
en-de-starved,starved,en-de,2,raw,dprime_b2a,1.644857307188138
en-de-starved,starved,en-de,2,raw,dprime_sym,2.0541433831506994
en-de-starved,starved,en-de,2,raw,asymmetry,0.8185721519251228
en-de-starved,starved,en-de,3,raw,dprime_a2b,2.4368844398430443
en-de-starved,starved,en-de,3,raw,dprime_b2a,1.7599239859315163
en-de-starved,starved,en-de,3,raw,dprime_sym,2.09840421288728
en-de-starved,starved,en-de,3,raw,asymmetry,0.6769604539115279
en-de-starved,starved,en-de,4,raw,dprime_a2b,2.6247342615030242
en-de-starved,starved,en-de,4,raw,dprime_b2a,1.7355103212062464
en-de-starved,starved,en-de,4,raw,dprime_sym,2.1801222913546354
en-de-starved,starved,en-de,4,raw,asymmetry,0.8892239402967779
en-de-starved,starved,en-de,5,raw,dprime_a2b,0.6948094430324028
en-de-starved,starved,en-de,5,raw,dprime_b2a,0.8302640839128098
en-de-starved,starved,en-de,5,raw,dprime_sym,0.7625367634726063
en-de-starved,starved,en-de,5,raw,asymmetry,-0.13545464088040704
en-de-starved,starved,en-de,6,raw,dprime_a2b,0.8558620517026033
en-de-starved,starved,en-de,6,raw,dprime_b2a,0.9840242049934405
en-de-starved,starved,en-de,6,raw,dprime_sym,0.9199431283480219
en-de-starved,starved,en-de,6,raw,asymmetry,-0.12816215329083713
en-de-starved,starved,en-de,7,raw,dprime_a2b,0.9595925161226635
en-de-starved,starved,en-de,7,raw,dprime_b2a,1.0475272198668315
en-de-starved,starved,en-de,7,raw,dprime_sym,1.0035598679947475
en-de-starved,starved,en-de,7,raw,asymmetry,-0.08793470374416801
en-de-starved,starved,en-de,8,raw,dprime_a2b,0.7639047020662288
en-de-starved,starved,en-de,8,raw,dprime_b2a,1.093451279263401
en-de-starved,starved,en-de,8,raw,dprime_sym,0.928677990664815
en-de-starved,starved,en-de,8,raw,asymmetry,-0.3295465771971722
en-de-starved,starved,en-de,9,raw,dprime_a2b,0.9795990817484733
en-de-starved,starved,en-de,9,raw,dprime_b2a,1.3864016842666333
en-de-starved,starved,en-de,9,raw,dprime_sym,1.1830003830075533
en-de-starved,starved,en-de,9,raw,asymmetry,-0.40680260251816003
en-de-starved,starved,en-de,10,raw,dprime_a2b,1.5244057876486714
en-de-starved,starved,en-de,10,raw,dprime_b2a,2.166101372708392
en-de-starved,starved,en-de,10,raw,dprime_sym,1.8452535801785317
en-de-starved,starved,en-de,10,raw,asymmetry,-0.6416955850597206
en-de-starved,starved,en-de,11,raw,dprime_a2b,2.1742738060306954
en-de-starved,starved,en-de,11,raw,dprime_b2a,3.0393961466173445
en-de-starved,starved,en-de,11,raw,dprime_sym,2.60683497632402
en-de-starved,starved,en-de,11,raw,asymmetry,-0.865122340586649
en-de-starved,starved,en-de,12,raw,dprime_a2b,2.752525438512291
en-de-starved,starved,en-de,12,raw,dprime_b2a,3.646534031579928
en-de-starved,starved,en-de,12,raw,dprime_sym,3.1995297350461094
en-de-starved,starved,en-de,12,raw,asymmetry,-0.8940085930676371
en-de-starved,starved,en-de,13,raw,dprime_a2b,3.5616671947985132
en-de-starved,starved,en-de,13,raw,dprime_b2a,4.243027961990122
en-de-starved,starved,en-de,13,raw,dprime_sym,3.9023475783943185
en-de-starved,starved,en-de,13,raw,asymmetry,-0.6813607671916087
en-de-starved,starved,en-de,14,raw,dprime_a2b,4.184208839106239
en-de-starved,starved,en-de,14,raw,dprime_b2a,4.460882226630732
en-de-starved,starved,en-de,14,raw,dprime_sym,4.322545532868485
en-de-starved,starved,en-de,14,raw,asymmetry,-0.2766733875244931
en-de-starved,starved,en-de,15,raw,dprime_a2b,4.035716661595845
en-de-starved,starved,en-de,15,raw,dprime_b2a,4.115435632770669
en-de-starved,starved,en-de,15,raw,dprime_sym,4.0755761471832574
en-de-starved,starved,en-de,15,raw,asymmetry,-0.07971897117482474
en-de-starved,starved,en-de,16,raw,dprime_a2b,2.9133941321715753
en-de-starved,starved,en-de,16,raw,dprime_b2a,2.3427091631943395
en-de-starved,starved,en-de,16,raw,dprime_sym,2.6280516476829576
en-de-starved,starved,en-de,16,raw,asymmetry,0.5706849689772358
en-de-starved,starved,en-de,0,centered,dprime_a2b,3.130154348625075
en-de-starved,starved,en-de,0,centered,dprime_b2a,3.0925589030923746
en-de-starved,starved,en-de,0,centered,dprime_sym,3.111356625858725
en-de-starved,starved,en-de,0,centered,asymmetry,0.037595445532700555
en-de-starved,starved,en-de,1,centered,dprime_a2b,6.348593829678126
en-de-starved,starved,en-de,1,centered,dprime_b2a,6.31238001719025
en-de-starved,starved,en-de,1,centered,dprime_sym,6.330486923434188
en-de-starved,starved,en-de,1,centered,asymmetry,0.03621381248787614
en-de-starved,starved,en-de,2,centered,dprime_a2b,6.294061068334021
en-de-starved,starved,en-de,2,centered,dprime_b2a,6.261674956409867
en-de-starved,starved,en-de,2,centered,dprime_sym,6.277868012371944
en-de-starved,starved,en-de,2,centered,asymmetry,0.03238611192415419
en-de-starved,starved,en-de,3,centered,dprime_a2b,6.1998696778057845
en-de-starved,starved,en-de,3,centered,dprime_b2a,6.175769721725875
en-de-starved,starved,en-de,3,centered,dprime_sym,6.18781969976583
en-de-starved,starved,en-de,3,centered,asymmetry,0.024099956079909113
en-de-starved,starved,en-de,4,centered,dprime_a2b,6.028836650831225
en-de-starved,starved,en-de,4,centered,dprime_b2a,6.006287919841444
en-de-starved,starved,en-de,4,centered,dprime_sym,6.017562285336336
en-de-starved,starved,en-de,4,centered,asymmetry,0.022548730989781163
en-de-starved,starved,en-de,5,centered,dprime_a2b,2.402347327960942
en-de-starved,starved,en-de,5,centered,dprime_b2a,2.3526466494949005
en-de-starved,starved,en-de,5,centered,dprime_sym,2.3774969887279207
en-de-starved,starved,en-de,5,centered,asymmetry,0.04970067846604165
en-de-starved,starved,en-de,6,centered,dprime_a2b,2.696381905264055
en-de-starved,starved,en-de,6,centered,dprime_b2a,2.6675376982881356
en-de-starved,starved,en-de,6,centered,dprime_sym,2.6819598017760953
en-de-starved,starved,en-de,6,centered,asymmetry,0.028844206975919384
en-de-starved,starved,en-de,7,centered,dprime_a2b,2.69228363302746
en-de-starved,starved,en-de,7,centered,dprime_b2a,2.6850720807027018
en-de-starved,starved,en-de,7,centered,dprime_sym,2.6886778568650804
en-de-starved,starved,en-de,7,centered,asymmetry,0.00721155232475823
en-de-starved,starved,en-de,8,centered,dprime_a2b,2.550331243572483
en-de-starved,starved,en-de,8,centered,dprime_b2a,2.5080450689672533
en-de-starved,starved,en-de,8,centered,dprime_sym,2.5291881562698686
en-de-starved,starved,en-de,8,centered,asymmetry,0.042286174605229654
en-de-starved,starved,en-de,9,centered,dprime_a2b,3.1486026242001293
en-de-starved,starved,en-de,9,centered,dprime_b2a,3.1261665884008725
en-de-starved,starved,en-de,9,centered,dprime_sym,3.1373846063005004
en-de-starved,starved,en-de,9,centered,asymmetry,0.022436035799256793
en-de-starved,starved,en-de,10,centered,dprime_a2b,4.455522747389408
en-de-starved,starved,en-de,10,centered,dprime_b2a,4.427907555540189
en-de-starved,starved,en-de,10,centered,dprime_sym,4.4417151514647975
en-de-starved,starved,en-de,10,centered,asymmetry,0.027615191849219123
en-de-starved,starved,en-de,11,centered,dprime_a2b,5.7084012663353345
en-de-starved,starved,en-de,11,centered,dprime_b2a,5.707969842338804
en-de-starved,starved,en-de,11,centered,dprime_sym,5.70818555433707
en-de-starved,starved,en-de,11,centered,asymmetry,0.00043142399653017804
en-de-starved,starved,en-de,12,centered,dprime_a2b,6.287371437269766
en-de-starved,starved,en-de,12,centered,dprime_b2a,6.305167423046752
en-de-starved,starved,en-de,12,centered,dprime_sym,6.296269430158259
en-de-starved,starved,en-de,12,centered,asymmetry,-0.017795985776985823
en-de-starved,starved,en-de,13,centered,dprime_a2b,6.791672408683458
en-de-starved,starved,en-de,13,centered,dprime_b2a,6.815519369597648
en-de-starved,starved,en-de,13,centered,dprime_sym,6.803595889140554
en-de-starved,starved,en-de,13,centered,asymmetry,-0.023846960914189808
en-de-starved,starved,en-de,14,centered,dprime_a2b,7.520073725283992
en-de-starved,starved,en-de,14,centered,dprime_b2a,7.535318381017084
en-de-starved,starved,en-de,14,centered,dprime_sym,7.527696053150538
en-de-starved,starved,en-de,14,centered,asymmetry,-0.01524465573309186
en-de-starved,starved,en-de,15,centered,dprime_a2b,8.197942089778172
en-de-starved,starved,en-de,15,centered,dprime_b2a,8.204139777448573
en-de-starved,starved,en-de,15,centered,dprime_sym,8.201040933613372
en-de-starved,starved,en-de,15,centered,asymmetry,-0.006197687670400853
en-de-starved,starved,en-de,16,centered,dprime_a2b,8.481050282972951
en-de-starved,starved,en-de,16,centered,dprime_b2a,8.507524302737387
en-de-starved,starved,en-de,16,centered,dprime_sym,8.49428729285517
en-de-starved,starved,en-de,16,centered,asymmetry,-0.026474019764435752
en-fr-starved,starved,en-fr,0,raw,dprime_a2b,3.6623288506344776
en-fr-starved,starved,en-fr,0,raw,dprime_b2a,3.5641048878823343
en-fr-starved,starved,en-fr,0,raw,dprime_sym,3.6132168692584057
en-fr-starved,starved,en-fr,0,raw,asymmetry,0.09822396275214329
en-fr-starved,starved,en-fr,1,raw,dprime_a2b,3.633222477871153
en-fr-starved,starved,en-fr,1,raw,dprime_b2a,2.842852928836557
en-fr-starved,starved,en-fr,1,raw,dprime_sym,3.2380377033538554
en-fr-starved,starved,en-fr,1,raw,asymmetry,0.7903695490345957
en-fr-starved,starved,en-fr,2,raw,dprime_a2b,2.647601759233194
en-fr-starved,starved,en-fr,2,raw,dprime_b2a,1.6905950307714503
en-fr-starved,starved,en-fr,2,raw,dprime_sym,2.169098395002322
en-fr-starved,starved,en-fr,2,raw,asymmetry,0.9570067284617436
en-fr-starved,starved,en-fr,3,raw,dprime_a2b,2.775470812984887
en-fr-starved,starved,en-fr,3,raw,dprime_b2a,1.7739179825500628
en-fr-starved,starved,en-fr,3,raw,dprime_sym,2.2746943977674747
en-fr-starved,starved,en-fr,3,raw,asymmetry,1.001552830434824
en-fr-starved,starved,en-fr,4,raw,dprime_a2b,2.9300601974514238
en-fr-starved,starved,en-fr,4,raw,dprime_b2a,1.8792760719595476
en-fr-starved,starved,en-fr,4,raw,dprime_sym,2.4046681347054855
en-fr-starved,starved,en-fr,4,raw,asymmetry,1.0507841254918762
en-fr-starved,starved,en-fr,5,raw,dprime_a2b,2.094807166121329
en-fr-starved,starved,en-fr,5,raw,dprime_b2a,1.5658703161441005
en-fr-starved,starved,en-fr,5,raw,dprime_sym,1.8303387411327146
en-fr-starved,starved,en-fr,5,raw,asymmetry,0.5289368499772285
en-fr-starved,starved,en-fr,6,raw,dprime_a2b,0.7290942022692551
en-fr-starved,starved,en-fr,6,raw,dprime_b2a,0.8959678292896449
en-fr-starved,starved,en-fr,6,raw,dprime_sym,0.81253101577945
en-fr-starved,starved,en-fr,6,raw,asymmetry,-0.16687362702038977
en-fr-starved,starved,en-fr,7,raw,dprime_a2b,0.8265550301382318
en-fr-starved,starved,en-fr,7,raw,dprime_b2a,1.0092024279656258
en-fr-starved,starved,en-fr,7,raw,dprime_sym,0.9178787290519288
en-fr-starved,starved,en-fr,7,raw,asymmetry,-0.18264739782739392
en-fr-starved,starved,en-fr,8,raw,dprime_a2b,1.1911707026663427
en-fr-starved,starved,en-fr,8,raw,dprime_b2a,1.4765691452238916
en-fr-starved,starved,en-fr,8,raw,dprime_sym,1.333869923945117
en-fr-starved,starved,en-fr,8,raw,asymmetry,-0.28539844255754887
en-fr-starved,starved,en-fr,9,raw,dprime_a2b,1.6859389362246269
en-fr-starved,starved,en-fr,9,raw,dprime_b2a,2.14427910497284
en-fr-starved,starved,en-fr,9,raw,dprime_sym,1.9151090205987333
en-fr-starved,starved,en-fr,9,raw,asymmetry,-0.45834016874821293
en-fr-starved,starved,en-fr,10,raw,dprime_a2b,2.45742841172942
en-fr-starved,starved,en-fr,10,raw,dprime_b2a,3.0859553869342906
en-fr-starved,starved,en-fr,10,raw,dprime_sym,2.7716918993318553
en-fr-starved,starved,en-fr,10,raw,asymmetry,-0.6285269752048706
en-fr-starved,starved,en-fr,11,raw,dprime_a2b,3.037836937667427
en-fr-starved,starved,en-fr,11,raw,dprime_b2a,3.703922307778884
en-fr-starved,starved,en-fr,11,raw,dprime_sym,3.3708796227231557
en-fr-starved,starved,en-fr,11,raw,asymmetry,-0.6660853701114573
en-fr-starved,starved,en-fr,12,raw,dprime_a2b,3.7529301058354174
en-fr-starved,starved,en-fr,12,raw,dprime_b2a,4.337662866891369
en-fr-starved,starved,en-fr,12,raw,dprime_sym,4.0452964863633945
en-fr-starved,starved,en-fr,12,raw,asymmetry,-0.5847327610559518
en-fr-starved,starved,en-fr,13,raw,dprime_a2b,4.2101011353484905
en-fr-starved,starved,en-fr,13,raw,dprime_b2a,4.541891710851719
en-fr-starved,starved,en-fr,13,raw,dprime_sym,4.375996423100106
en-fr-starved,starved,en-fr,13,raw,asymmetry,-0.3317905755032289
en-fr-starved,starved,en-fr,14,raw,dprime_a2b,4.2038308995015585
en-fr-starved,starved,en-fr,14,raw,dprime_b2a,4.32182749987375
en-fr-starved,starved,en-fr,14,raw,dprime_sym,4.262829199687654
en-fr-starved,starved,en-fr,14,raw,asymmetry,-0.11799660037219173
en-fr-starved,starved,en-fr,15,raw,dprime_a2b,4.0162637985637035
en-fr-starved,starved,en-fr,15,raw,dprime_b2a,4.024965687883086
en-fr-starved,starved,en-fr,15,raw,dprime_sym,4.020614743223394
en-fr-starved,starved,en-fr,15,raw,asymmetry,-0.008701889319382872
en-fr-starved,starved,en-fr,16,raw,dprime_a2b,2.81804027307836
en-fr-starved,starved,en-fr,16,raw,dprime_b2a,2.6063464170346426
en-fr-starved,starved,en-fr,16,raw,dprime_sym,2.7121933450565012
en-fr-starved,starved,en-fr,16,raw,asymmetry,0.21169385604371715
en-fr-starved,starved,en-fr,0,centered,dprime_a2b,3.9266597364255347
en-fr-starved,starved,en-fr,0,centered,dprime_b2a,3.896835722726926
en-fr-starved,starved,en-fr,0,centered,dprime_sym,3.91174772957623
en-fr-starved,starved,en-fr,0,centered,asymmetry,0.029824013698608542
en-fr-starved,starved,en-fr,1,centered,dprime_a2b,7.256108103691272
en-fr-starved,starved,en-fr,1,centered,dprime_b2a,7.236341917954565
en-fr-starved,starved,en-fr,1,centered,dprime_sym,7.2462250108229185
en-fr-starved,starved,en-fr,1,centered,asymmetry,0.019766185736706632
en-fr-starved,starved,en-fr,2,centered,dprime_a2b,6.461513936036978
en-fr-starved,starved,en-fr,2,centered,dprime_b2a,6.432257750141293
en-fr-starved,starved,en-fr,2,centered,dprime_sym,6.4468858430891345
en-fr-starved,starved,en-fr,2,centered,asymmetry,0.029256185895684794
en-fr-starved,starved,en-fr,3,centered,dprime_a2b,6.739003075014145
en-fr-starved,starved,en-fr,3,centered,dprime_b2a,6.703780714839503
en-fr-starved,starved,en-fr,3,centered,dprime_sym,6.721391894926823
en-fr-starved,starved,en-fr,3,centered,asymmetry,0.0352223601746422
en-fr-starved,starved,en-fr,4,centered,dprime_a2b,6.608423820531291
en-fr-starved,starved,en-fr,4,centered,dprime_b2a,6.586444640534946
en-fr-starved,starved,en-fr,4,centered,dprime_sym,6.597434230533118
en-fr-starved,starved,en-fr,4,centered,asymmetry,0.02197917999634491
en-fr-starved,starved,en-fr,5,centered,dprime_a2b,4.1080080145186395
en-fr-starved,starved,en-fr,5,centered,dprime_b2a,4.102149912326386
en-fr-starved,starved,en-fr,5,centered,dprime_sym,4.105078963422512
en-fr-starved,starved,en-fr,5,centered,asymmetry,0.005858102192253689
en-fr-starved,starved,en-fr,6,centered,dprime_a2b,2.3486931237615285
en-fr-starved,starved,en-fr,6,centered,dprime_b2a,2.352446086142228
en-fr-starved,starved,en-fr,6,centered,dprime_sym,2.350569604951879
en-fr-starved,starved,en-fr,6,centered,asymmetry,-0.003752962380699554
en-fr-starved,starved,en-fr,7,centered,dprime_a2b,2.66528181793527
en-fr-starved,starved,en-fr,7,centered,dprime_b2a,2.6627605289749523
en-fr-starved,starved,en-fr,7,centered,dprime_sym,2.664021173455111
en-fr-starved,starved,en-fr,7,centered,asymmetry,0.002521288960317669
en-fr-starved,starved,en-fr,8,centered,dprime_a2b,3.676867614911646
en-fr-starved,starved,en-fr,8,centered,dprime_b2a,3.6837551388821526
en-fr-starved,starved,en-fr,8,centered,dprime_sym,3.680311376896899
en-fr-starved,starved,en-fr,8,centered,asymmetry,-0.006887523970506404
en-fr-starved,starved,en-fr,9,centered,dprime_a2b,4.845636612126265
en-fr-starved,starved,en-fr,9,centered,dprime_b2a,4.859238533842504
en-fr-starved,starved,en-fr,9,centered,dprime_sym,4.8524375729843845
en-fr-starved,starved,en-fr,9,centered,asymmetry,-0.013601921716238863
en-fr-starved,starved,en-fr,10,centered,dprime_a2b,6.283748122943047
en-fr-starved,starved,en-fr,10,centered,dprime_b2a,6.305170036000273
en-fr-starved,starved,en-fr,10,centered,dprime_sym,6.294459079471659
en-fr-starved,starved,en-fr,10,centered,asymmetry,-0.021421913057226405
en-fr-starved,starved,en-fr,11,centered,dprime_a2b,7.086423015334382
en-fr-starved,starved,en-fr,11,centered,dprime_b2a,7.112404958913111
en-fr-starved,starved,en-fr,11,centered,dprime_sym,7.0994139871237465
en-fr-starved,starved,en-fr,11,centered,asymmetry,-0.025981943578729627
en-fr-starved,starved,en-fr,12,centered,dprime_a2b,7.6564444997195995
en-fr-starved,starved,en-fr,12,centered,dprime_b2a,7.682176214281794
en-fr-starved,starved,en-fr,12,centered,dprime_sym,7.669310357000698
en-fr-starved,starved,en-fr,12,centered,asymmetry,-0.025731714562194696
en-fr-starved,starved,en-fr,13,centered,dprime_a2b,7.709292142016457
en-fr-starved,starved,en-fr,13,centered,dprime_b2a,7.733564680497288
en-fr-starved,starved,en-fr,13,centered,dprime_sym,7.721428411256873
en-fr-starved,starved,en-fr,13,centered,asymmetry,-0.02427253848083133
en-fr-starved,starved,en-fr,14,centered,dprime_a2b,8.638804187707319
en-fr-starved,starved,en-fr,14,centered,dprime_b2a,8.646206301694521
en-fr-starved,starved,en-fr,14,centered,dprime_sym,8.642505244700919
en-fr-starved,starved,en-fr,14,centered,asymmetry,-0.007402113987202696
en-fr-starved,starved,en-fr,15,centered,dprime_a2b,9.015985816448572
en-fr-starved,starved,en-fr,15,centered,dprime_b2a,9.016248432271235
en-fr-starved,starved,en-fr,15,centered,dprime_sym,9.016117124359901
en-fr-starved,starved,en-fr,15,centered,asymmetry,-0.0002626158226632924
en-fr-starved,starved,en-fr,16,centered,dprime_a2b,8.755664868445853
en-fr-starved,starved,en-fr,16,centered,dprime_b2a,8.781378300836355
en-fr-starved,starved,en-fr,16,centered,dprime_sym,8.768521584641105
en-fr-starved,starved,en-fr,16,centered,asymmetry,-0.025713432390501723
en-zh-starved,starved,en-zh,0,raw,dprime_a2b,1.6720673601909433
en-zh-starved,starved,en-zh,0,raw,dprime_b2a,1.349466710328604
en-zh-starved,starved,en-zh,0,raw,dprime_sym,1.5107670352597737
en-zh-starved,starved,en-zh,0,raw,asymmetry,0.3226006498623393
en-zh-starved,starved,en-zh,1,raw,dprime_a2b,1.9250092943157255
en-zh-starved,starved,en-zh,1,raw,dprime_b2a,1.5571374336973547
en-zh-starved,starved,en-zh,1,raw,dprime_sym,1.74107336400654
en-zh-starved,starved,en-zh,1,raw,asymmetry,0.36787186061837085
en-zh-starved,starved,en-zh,2,raw,dprime_a2b,1.3122959953134727
en-zh-starved,starved,en-zh,2,raw,dprime_b2a,1.0915766195956174
en-zh-starved,starved,en-zh,2,raw,dprime_sym,1.201936307454545
en-zh-starved,starved,en-zh,2,raw,asymmetry,0.22071937571785538
en-zh-starved,starved,en-zh,3,raw,dprime_a2b,1.4540102272714697
en-zh-starved,starved,en-zh,3,raw,dprime_b2a,1.313000327396737
en-zh-starved,starved,en-zh,3,raw,dprime_sym,1.3835052773341032
en-zh-starved,starved,en-zh,3,raw,asymmetry,0.14100989987473267
en-zh-starved,starved,en-zh,4,raw,dprime_a2b,1.6500056470971882
en-zh-starved,starved,en-zh,4,raw,dprime_b2a,1.5183686933625964
en-zh-starved,starved,en-zh,4,raw,dprime_sym,1.5841871702298922
en-zh-starved,starved,en-zh,4,raw,asymmetry,0.13163695373459183
en-zh-starved,starved,en-zh,5,raw,dprime_a2b,0.5816939657581631
en-zh-starved,starved,en-zh,5,raw,dprime_b2a,0.6737468456535323
en-zh-starved,starved,en-zh,5,raw,dprime_sym,0.6277204057058475
en-zh-starved,starved,en-zh,5,raw,asymmetry,-0.09205287989536914
en-zh-starved,starved,en-zh,6,raw,dprime_a2b,0.6481812669564093
en-zh-starved,starved,en-zh,6,raw,dprime_b2a,0.7850249862967559
en-zh-starved,starved,en-zh,6,raw,dprime_sym,0.7166031266265827
en-zh-starved,starved,en-zh,6,raw,asymmetry,-0.13684371934034656
en-zh-starved,starved,en-zh,7,raw,dprime_a2b,0.8156105927950342
en-zh-starved,starved,en-zh,7,raw,dprime_b2a,1.0024539174287397
en-zh-starved,starved,en-zh,7,raw,dprime_sym,0.9090322551118869
en-zh-starved,starved,en-zh,7,raw,asymmetry,-0.18684332463370545
en-zh-starved,starved,en-zh,8,raw,dprime_a2b,1.0537184158888133
en-zh-starved,starved,en-zh,8,raw,dprime_b2a,1.3439722817392856
en-zh-starved,starved,en-zh,8,raw,dprime_sym,1.1988453488140494
en-zh-starved,starved,en-zh,8,raw,asymmetry,-0.2902538658504723
en-zh-starved,starved,en-zh,9,raw,dprime_a2b,1.3928847117123735
en-zh-starved,starved,en-zh,9,raw,dprime_b2a,1.7826388328716705
en-zh-starved,starved,en-zh,9,raw,dprime_sym,1.5877617722920219
en-zh-starved,starved,en-zh,9,raw,asymmetry,-0.389754121159297
en-zh-starved,starved,en-zh,10,raw,dprime_a2b,1.7283095052088446
en-zh-starved,starved,en-zh,10,raw,dprime_b2a,2.254681118855588
en-zh-starved,starved,en-zh,10,raw,dprime_sym,1.9914953120322165
en-zh-starved,starved,en-zh,10,raw,asymmetry,-0.5263716136467436
en-zh-starved,starved,en-zh,11,raw,dprime_a2b,2.096887758242502
en-zh-starved,starved,en-zh,11,raw,dprime_b2a,2.7230593606374383
en-zh-starved,starved,en-zh,11,raw,dprime_sym,2.40997355943997
en-zh-starved,starved,en-zh,11,raw,asymmetry,-0.6261716023949364
en-zh-starved,starved,en-zh,12,raw,dprime_a2b,2.5210839802971545
en-zh-starved,starved,en-zh,12,raw,dprime_b2a,3.1552039660724116
en-zh-starved,starved,en-zh,12,raw,dprime_sym,2.838143973184783
en-zh-starved,starved,en-zh,12,raw,asymmetry,-0.6341199857752571
en-zh-starved,starved,en-zh,13,raw,dprime_a2b,3.0083801323583943
en-zh-starved,starved,en-zh,13,raw,dprime_b2a,3.5047784533444886
en-zh-starved,starved,en-zh,13,raw,dprime_sym,3.2565792928514408
en-zh-starved,starved,en-zh,13,raw,asymmetry,-0.49639832098609427
en-zh-starved,starved,en-zh,14,raw,dprime_a2b,3.4155518661602433
en-zh-starved,starved,en-zh,14,raw,dprime_b2a,3.60679575805822
en-zh-starved,starved,en-zh,14,raw,dprime_sym,3.5111738121092317
en-zh-starved,starved,en-zh,14,raw,asymmetry,-0.19124389189797686
en-zh-starved,starved,en-zh,15,raw,dprime_a2b,3.7227042043809857
en-zh-starved,starved,en-zh,15,raw,dprime_b2a,3.6051271778041003
en-zh-starved,starved,en-zh,15,raw,dprime_sym,3.663915691092543
en-zh-starved,starved,en-zh,15,raw,asymmetry,0.1175770265768854
en-zh-starved,starved,en-zh,16,raw,dprime_a2b,2.207138645459168
en-zh-starved,starved,en-zh,16,raw,dprime_b2a,2.1378786803630674
en-zh-starved,starved,en-zh,16,raw,dprime_sym,2.172508662911117
en-zh-starved,starved,en-zh,16,raw,asymmetry,0.06925996509610055
en-zh-starved,starved,en-zh,0,centered,dprime_a2b,1.9231361851259512
en-zh-starved,starved,en-zh,0,centered,dprime_b2a,1.890321026104047
en-zh-starved,starved,en-zh,0,centered,dprime_sym,1.906728605614999
en-zh-starved,starved,en-zh,0,centered,asymmetry,0.03281515902190413
en-zh-starved,starved,en-zh,1,centered,dprime_a2b,4.460217307185375
en-zh-starved,starved,en-zh,1,centered,dprime_b2a,4.437476213051011
en-zh-starved,starved,en-zh,1,centered,dprime_sym,4.448846760118193
en-zh-starved,starved,en-zh,1,centered,asymmetry,0.022741094134364204
en-zh-starved,starved,en-zh,2,centered,dprime_a2b,5.321263219356828
en-zh-starved,starved,en-zh,2,centered,dprime_b2a,5.299287909801565
en-zh-starved,starved,en-zh,2,centered,dprime_sym,5.310275564579197
en-zh-starved,starved,en-zh,2,centered,asymmetry,0.021975309555262612
en-zh-starved,starved,en-zh,3,centered,dprime_a2b,5.2213967394010705
en-zh-starved,starved,en-zh,3,centered,dprime_b2a,5.203282282701598
en-zh-starved,starved,en-zh,3,centered,dprime_sym,5.212339511051335
en-zh-starved,starved,en-zh,3,centered,asymmetry,0.018114456699472647
en-zh-starved,starved,en-zh,4,centered,dprime_a2b,4.533070777180176
en-zh-starved,starved,en-zh,4,centered,dprime_b2a,4.529972717705715
en-zh-starved,starved,en-zh,4,centered,dprime_sym,4.531521747442945
en-zh-starved,starved,en-zh,4,centered,asymmetry,0.0030980594744605128
en-zh-starved,starved,en-zh,5,centered,dprime_a2b,1.5318196408198497
en-zh-starved,starved,en-zh,5,centered,dprime_b2a,1.4976782004690956
en-zh-starved,starved,en-zh,5,centered,dprime_sym,1.5147489206444726
en-zh-starved,starved,en-zh,5,centered,asymmetry,0.03414144035075406
en-zh-starved,starved,en-zh,6,centered,dprime_a2b,1.8563649320642426
en-zh-starved,starved,en-zh,6,centered,dprime_b2a,1.7915496587854023
en-zh-starved,starved,en-zh,6,centered,dprime_sym,1.8239572954248224
en-zh-starved,starved,en-zh,6,centered,asymmetry,0.06481527327884029
en-zh-starved,starved,en-zh,7,centered,dprime_a2b,2.484697131464271
en-zh-starved,starved,en-zh,7,centered,dprime_b2a,2.41238342563854
en-zh-starved,starved,en-zh,7,centered,dprime_sym,2.448540278551406
en-zh-starved,starved,en-zh,7,centered,asymmetry,0.07231370582573104
en-zh-starved,starved,en-zh,8,centered,dprime_a2b,3.283071126741417
en-zh-starved,starved,en-zh,8,centered,dprime_b2a,3.1630190885919145
en-zh-starved,starved,en-zh,8,centered,dprime_sym,3.2230451076666657
en-zh-starved,starved,en-zh,8,centered,asymmetry,0.1200520381495025
en-zh-starved,starved,en-zh,9,centered,dprime_a2b,4.111743993057859
en-zh-starved,starved,en-zh,9,centered,dprime_b2a,3.9643288977611233
en-zh-starved,starved,en-zh,9,centered,dprime_sym,4.0380364454094915
en-zh-starved,starved,en-zh,9,centered,asymmetry,0.14741509529673547
en-zh-starved,starved,en-zh,10,centered,dprime_a2b,4.741391472170773
en-zh-starved,starved,en-zh,10,centered,dprime_b2a,4.6083059786710185
en-zh-starved,starved,en-zh,10,centered,dprime_sym,4.674848725420896
en-zh-starved,starved,en-zh,10,centered,asymmetry,0.1330854934997543
en-zh-starved,starved,en-zh,11,centered,dprime_a2b,5.250058283041616
en-zh-starved,starved,en-zh,11,centered,dprime_b2a,5.152756965972115
en-zh-starved,starved,en-zh,11,centered,dprime_sym,5.2014076245068654
en-zh-starved,starved,en-zh,11,centered,asymmetry,0.09730131706950118
en-zh-starved,starved,en-zh,12,centered,dprime_a2b,5.49568918207514
en-zh-starved,starved,en-zh,12,centered,dprime_b2a,5.4223292667484655
en-zh-starved,starved,en-zh,12,centered,dprime_sym,5.459009224411803
en-zh-starved,starved,en-zh,12,centered,asymmetry,0.07335991532667485
en-zh-starved,starved,en-zh,13,centered,dprime_a2b,5.895478435165308
en-zh-starved,starved,en-zh,13,centered,dprime_b2a,5.8459130428804125
en-zh-starved,starved,en-zh,13,centered,dprime_sym,5.87069573902286
en-zh-starved,starved,en-zh,13,centered,asymmetry,0.04956539228489554
en-zh-starved,starved,en-zh,14,centered,dprime_a2b,6.302003962885269
en-zh-starved,starved,en-zh,14,centered,dprime_b2a,6.257867782503308
en-zh-starved,starved,en-zh,14,centered,dprime_sym,6.279935872694289
en-zh-starved,starved,en-zh,14,centered,asymmetry,0.04413618038196088
en-zh-starved,starved,en-zh,15,centered,dprime_a2b,7.040840540434483
en-zh-starved,starved,en-zh,15,centered,dprime_b2a,7.027141434649636
en-zh-starved,starved,en-zh,15,centered,dprime_sym,7.03399098754206
en-zh-starved,starved,en-zh,15,centered,asymmetry,0.013699105784847454
en-zh-starved,starved,en-zh,16,centered,dprime_a2b,8.055708710386714
en-zh-starved,starved,en-zh,16,centered,dprime_b2a,8.074338820724204
en-zh-starved,starved,en-zh,16,centered,dprime_sym,8.065023765555459
en-zh-starved,starved,en-zh,16,centered,asymmetry,-0.01863011033749018
