model,cond,pair,layer,n,metric,value
en-ar-fair,fair,en-ar,0,1000,hungarian,0.5594
en-ar-fair,fair,en-ar,0,1000,mexa_mutual,0.3534
en-ar-fair,fair,en-ar,0,1000,top1_a2b,0.43920000000000003
en-ar-fair,fair,en-ar,0,1000,top1_b2a,0.4504
en-ar-fair,fair,en-ar,0,2009,hungarian,0.4843205574912892
en-ar-fair,fair,en-ar,0,2009,mexa_mutual,0.3086112493777999
en-ar-fair,fair,en-ar,0,2009,top1_a2b,0.3867595818815331
en-ar-fair,fair,en-ar,0,2009,top1_b2a,0.40169238427078147
en-ar-fair,fair,en-ar,1,1000,hungarian,0.9056000000000001
en-ar-fair,fair,en-ar,1,1000,mexa_mutual,0.29979999999999996
en-ar-fair,fair,en-ar,1,1000,top1_a2b,0.4468
en-ar-fair,fair,en-ar,1,1000,top1_b2a,0.5128
en-ar-fair,fair,en-ar,1,2009,hungarian,0.8815331010452961
en-ar-fair,fair,en-ar,1,2009,mexa_mutual,0.27177700348432055
en-ar-fair,fair,en-ar,1,2009,top1_a2b,0.40816326530612246
en-ar-fair,fair,en-ar,1,2009,top1_b2a,0.47834743653558986
en-ar-fair,fair,en-ar,2,1000,hungarian,0.9558
en-ar-fair,fair,en-ar,2,1000,mexa_mutual,0.3426
en-ar-fair,fair,en-ar,2,1000,top1_a2b,0.49139999999999995
en-ar-fair,fair,en-ar,2,1000,top1_b2a,0.5683999999999999
en-ar-fair,fair,en-ar,2,2009,hungarian,0.9352911896465903
en-ar-fair,fair,en-ar,2,2009,mexa_mutual,0.30761572921851665
en-ar-fair,fair,en-ar,2,2009,top1_a2b,0.44947735191637633
en-ar-fair,fair,en-ar,2,2009,top1_b2a,0.5380786460925834
en-ar-fair,fair,en-ar,3,1000,hungarian,0.9687999999999999
en-ar-fair,fair,en-ar,3,1000,mexa_mutual,0.365
en-ar-fair,fair,en-ar,3,1000,top1_a2b,0.484
en-ar-fair,fair,en-ar,3,1000,top1_b2a,0.6038
en-ar-fair,fair,en-ar,3,2009,hungarian,0.9487307117969139
en-ar-fair,fair,en-ar,3,2009,mexa_mutual,0.3230462916874067
en-ar-fair,fair,en-ar,3,2009,top1_a2b,0.4335490293678447
en-ar-fair,fair,en-ar,3,2009,top1_b2a,0.571926331508213
en-ar-fair,fair,en-ar,4,1000,hungarian,0.9810000000000001
en-ar-fair,fair,en-ar,4,1000,mexa_mutual,0.4298
en-ar-fair,fair,en-ar,4,1000,top1_a2b,0.5307999999999999
en-ar-fair,fair,en-ar,4,1000,top1_b2a,0.6878
en-ar-fair,fair,en-ar,4,2009,hungarian,0.9701343952215032
en-ar-fair,fair,en-ar,4,2009,mexa_mutual,0.390741662518666
en-ar-fair,fair,en-ar,4,2009,top1_a2b,0.49029367844698857
en-ar-fair,fair,en-ar,4,2009,top1_b2a,0.6540567446490791
en-ar-fair,fair,en-ar,5,1000,hungarian,0.9196
en-ar-fair,fair,en-ar,5,1000,mexa_mutual,0.47379999999999994
en-ar-fair,fair,en-ar,5,1000,top1_a2b,0.6272
en-ar-fair,fair,en-ar,5,1000,top1_b2a,0.703
en-ar-fair,fair,en-ar,5,2009,hungarian,0.9024390243902439
en-ar-fair,fair,en-ar,5,2009,mexa_mutual,0.4444997511199602
en-ar-fair,fair,en-ar,5,2009,top1_a2b,0.5863613738178198
en-ar-fair,fair,en-ar,5,2009,top1_b2a,0.6809357889497263
en-ar-fair,fair,en-ar,6,1000,hungarian,0.9800000000000001
en-ar-fair,fair,en-ar,6,1000,mexa_mutual,0.6272
en-ar-fair,fair,en-ar,6,1000,top1_a2b,0.7706000000000001
en-ar-fair,fair,en-ar,6,1000,top1_b2a,0.806
en-ar-fair,fair,en-ar,6,2009,hungarian,0.9741164758586361
en-ar-fair,fair,en-ar,6,2009,mexa_mutual,0.5973120955699353
en-ar-fair,fair,en-ar,6,2009,top1_a2b,0.7426580388252862
en-ar-fair,fair,en-ar,6,2009,top1_b2a,0.7869586859133898
en-ar-fair,fair,en-ar,7,1000,hungarian,0.9986
en-ar-fair,fair,en-ar,7,1000,mexa_mutual,0.8228
en-ar-fair,fair,en-ar,7,1000,top1_a2b,0.9052
en-ar-fair,fair,en-ar,7,1000,top1_b2a,0.9120000000000001
en-ar-fair,fair,en-ar,7,2009,hungarian,0.9985067197610752
en-ar-fair,fair,en-ar,7,2009,mexa_mutual,0.7894474863115978
en-ar-fair,fair,en-ar,7,2009,top1_a2b,0.8825286212045794
en-ar-fair,fair,en-ar,7,2009,top1_b2a,0.8974614235938277
en-ar-fair,fair,en-ar,8,1000,hungarian,0.9916
en-ar-fair,fair,en-ar,8,1000,mexa_mutual,0.851
en-ar-fair,fair,en-ar,8,1000,top1_a2b,0.9154
en-ar-fair,fair,en-ar,8,1000,top1_b2a,0.9282
en-ar-fair,fair,en-ar,8,2009,hungarian,0.9905425584868094
en-ar-fair,fair,en-ar,8,2009,mexa_mutual,0.8327526132404182
en-ar-fair,fair,en-ar,8,2009,top1_a2b,0.9019412643106023
en-ar-fair,fair,en-ar,8,2009,top1_b2a,0.9208561473369836
en-ar-fair,fair,en-ar,9,1000,hungarian,0.9952
en-ar-fair,fair,en-ar,9,1000,mexa_mutual,0.9062000000000001
en-ar-fair,fair,en-ar,9,1000,top1_a2b,0.95
en-ar-fair,fair,en-ar,9,1000,top1_b2a,0.9532
en-ar-fair,fair,en-ar,9,2009,hungarian,0.9940268790443006
en-ar-fair,fair,en-ar,9,2009,mexa_mutual,0.8969636635141862
en-ar-fair,fair,en-ar,9,2009,top1_a2b,0.9422598307615729
en-ar-fair,fair,en-ar,9,2009,top1_b2a,0.9502239920358387
en-ar-fair,fair,en-ar,10,1000,hungarian,0.998
en-ar-fair,fair,en-ar,10,1000,mexa_mutual,0.933
en-ar-fair,fair,en-ar,10,1000,top1_a2b,0.9693999999999999
en-ar-fair,fair,en-ar,10,1000,top1_b2a,0.9621999999999999
en-ar-fair,fair,en-ar,10,2009,hungarian,0.9970134395221503
en-ar-fair,fair,en-ar,10,2009,mexa_mutual,0.9228471876555501
en-ar-fair,fair,en-ar,10,2009,top1_a2b,0.9616724738675958
en-ar-fair,fair,en-ar,10,2009,top1_b2a,0.9581881533101045
en-ar-fair,fair,en-ar,11,1000,hungarian,1.0
en-ar-fair,fair,en-ar,11,1000,mexa_mutual,0.9561999999999999
en-ar-fair,fair,en-ar,11,1000,top1_a2b,0.9788
en-ar-fair,fair,en-ar,11,1000,top1_b2a,0.9768000000000001
en-ar-fair,fair,en-ar,11,2009,hungarian,1.0
en-ar-fair,fair,en-ar,11,2009,mexa_mutual,0.9507217521154804
en-ar-fair,fair,en-ar,11,2009,top1_a2b,0.9746142359382778
en-ar-fair,fair,en-ar,11,2009,top1_b2a,0.9751119960179193
en-ar-fair,fair,en-ar,12,1000,hungarian,1.0
en-ar-fair,fair,en-ar,12,1000,mexa_mutual,0.9522
en-ar-fair,fair,en-ar,12,1000,top1_a2b,0.9810000000000001
en-ar-fair,fair,en-ar,12,1000,top1_b2a,0.9708
en-ar-fair,fair,en-ar,12,2009,hungarian,1.0
en-ar-fair,fair,en-ar,12,2009,mexa_mutual,0.9412643106022897
en-ar-fair,fair,en-ar,12,2009,top1_a2b,0.975609756097561
en-ar-fair,fair,en-ar,12,2009,top1_b2a,0.9646590343454455
en-ar-fair,fair,en-ar,13,1000,hungarian,1.0
en-ar-fair,fair,en-ar,13,1000,mexa_mutual,0.953
en-ar-fair,fair,en-ar,13,1000,top1_a2b,0.9826
en-ar-fair,fair,en-ar,13,1000,top1_b2a,0.9693999999999999
en-ar-fair,fair,en-ar,13,2009,hungarian,1.0
en-ar-fair,fair,en-ar,13,2009,mexa_mutual,0.9402687904430065
en-ar-fair,fair,en-ar,13,2009,top1_a2b,0.9776007964161274
en-ar-fair,fair,en-ar,13,2009,top1_b2a,0.9606769537083126
en-ar-fair,fair,en-ar,14,1000,hungarian,1.0
en-ar-fair,fair,en-ar,14,1000,mexa_mutual,0.9280000000000002
en-ar-fair,fair,en-ar,14,1000,top1_a2b,0.9747999999999999
en-ar-fair,fair,en-ar,14,1000,top1_b2a,0.9496
en-ar-fair,fair,en-ar,14,2009,hungarian,1.0
en-ar-fair,fair,en-ar,14,2009,mexa_mutual,0.90741662518666
en-ar-fair,fair,en-ar,14,2009,top1_a2b,0.9636635141861623
en-ar-fair,fair,en-ar,14,2009,top1_b2a,0.9372822299651568
en-ar-fair,fair,en-ar,15,1000,hungarian,1.0
en-ar-fair,fair,en-ar,15,1000,mexa_mutual,0.7494
en-ar-fair,fair,en-ar,15,1000,top1_a2b,0.924
en-ar-fair,fair,en-ar,15,1000,top1_b2a,0.7962
en-ar-fair,fair,en-ar,15,2009,hungarian,1.0
en-ar-fair,fair,en-ar,15,2009,mexa_mutual,0.6908909905425585
en-ar-fair,fair,en-ar,15,2009,top1_a2b,0.8914883026381284
en-ar-fair,fair,en-ar,15,2009,top1_b2a,0.7511199601791936
en-ar-fair,fair,en-ar,16,1000,hungarian,0.9987999999999999
en-ar-fair,fair,en-ar,16,1000,mexa_mutual,0.20460000000000003
en-ar-fair,fair,en-ar,16,1000,top1_a2b,0.4184
en-ar-fair,fair,en-ar,16,1000,top1_b2a,0.31639999999999996
en-ar-fair,fair,en-ar,16,2009,hungarian,0.9980089596814335
en-ar-fair,fair,en-ar,16,2009,mexa_mutual,0.1448481831757093
en-ar-fair,fair,en-ar,16,2009,top1_a2b,0.29915380786460927
en-ar-fair,fair,en-ar,16,2009,top1_b2a,0.2498755599800896
en-ar-starved,starved,en-ar,0,1000,hungarian,0.0636
en-ar-starved,starved,en-ar,0,1000,mexa_mutual,0.0312
en-ar-starved,starved,en-ar,0,1000,top1_a2b,0.05500000000000001
en-ar-starved,starved,en-ar,0,1000,top1_b2a,0.0522
en-ar-starved,starved,en-ar,0,2009,hungarian,0.049776007964161276
en-ar-starved,starved,en-ar,0,2009,mexa_mutual,0.024390243902439025
en-ar-starved,starved,en-ar,0,2009,top1_a2b,0.039820806371329016
en-ar-starved,starved,en-ar,0,2009,top1_b2a,0.03882528621204579
en-ar-starved,starved,en-ar,1,1000,hungarian,0.359
en-ar-starved,starved,en-ar,1,1000,mexa_mutual,0.047599999999999996
en-ar-starved,starved,en-ar,1,1000,top1_a2b,0.1526
en-ar-starved,starved,en-ar,1,1000,top1_b2a,0.061399999999999996
en-ar-starved,starved,en-ar,1,2009,hungarian,0.30662020905923343
en-ar-starved,starved,en-ar,1,2009,mexa_mutual,0.039323046291687404
en-ar-starved,starved,en-ar,1,2009,top1_a2b,0.13091090094574415
en-ar-starved,starved,en-ar,1,2009,top1_b2a,0.0507715281234445
en-ar-starved,starved,en-ar,2,1000,hungarian,0.5835999999999999
en-ar-starved,starved,en-ar,2,1000,mexa_mutual,0.026000000000000002
en-ar-starved,starved,en-ar,2,1000,top1_a2b,0.195
en-ar-starved,starved,en-ar,2,1000,top1_b2a,0.040999999999999995
en-ar-starved,starved,en-ar,2,2009,hungarian,0.5331010452961672
en-ar-starved,starved,en-ar,2,2009,mexa_mutual,0.015928322548531607
en-ar-starved,starved,en-ar,2,2009,top1_a2b,0.1677451468392235
en-ar-starved,starved,en-ar,2,2009,top1_b2a,0.024390243902439025
en-ar-starved,starved,en-ar,3,1000,hungarian,0.5748
en-ar-starved,starved,en-ar,3,1000,mexa_mutual,0.0172
en-ar-starved,starved,en-ar,3,1000,top1_a2b,0.184
en-ar-starved,starved,en-ar,3,1000,top1_b2a,0.034
en-ar-starved,starved,en-ar,3,2009,hungarian,0.5236436037829766
en-ar-starved,starved,en-ar,3,2009,mexa_mutual,0.012444001991040319
en-ar-starved,starved,en-ar,3,2009,top1_a2b,0.15181682429069188
en-ar-starved,starved,en-ar,3,2009,top1_b2a,0.0233947237431558
en-ar-starved,starved,en-ar,4,1000,hungarian,0.5584
en-ar-starved,starved,en-ar,4,1000,mexa_mutual,0.0184
en-ar-starved,starved,en-ar,4,1000,top1_a2b,0.21000000000000002
en-ar-starved,starved,en-ar,4,1000,top1_b2a,0.033
en-ar-starved,starved,en-ar,4,2009,hungarian,0.5047287207565954
en-ar-starved,starved,en-ar,4,2009,mexa_mutual,0.013439522150323544
en-ar-starved,starved,en-ar,4,2009,top1_a2b,0.18018914883026382
en-ar-starved,starved,en-ar,4,2009,top1_b2a,0.02538576406172225
en-ar-starved,starved,en-ar,5,1000,hungarian,0.5784
en-ar-starved,starved,en-ar,5,1000,mexa_mutual,0.0206
en-ar-starved,starved,en-ar,5,1000,top1_a2b,0.22159999999999996
en-ar-starved,starved,en-ar,5,1000,top1_b2a,0.0372
en-ar-starved,starved,en-ar,5,2009,hungarian,0.514186162269786
en-ar-starved,starved,en-ar,5,2009,mexa_mutual,0.014932802389248382
en-ar-starved,starved,en-ar,5,2009,top1_a2b,0.1831757093081135
en-ar-starved,starved,en-ar,5,2009,top1_b2a,0.026381284221005476
en-ar-starved,starved,en-ar,6,1000,hungarian,0.6602
en-ar-starved,starved,en-ar,6,1000,mexa_mutual,0.0274
en-ar-starved,starved,en-ar,6,1000,top1_a2b,0.2386
en-ar-starved,starved,en-ar,6,1000,top1_b2a,0.0444
en-ar-starved,starved,en-ar,6,2009,hungarian,0.5973120955699353
en-ar-starved,starved,en-ar,6,2009,mexa_mutual,0.01841712294673967
en-ar-starved,starved,en-ar,6,2009,top1_a2b,0.19711299153807865
en-ar-starved,starved,en-ar,6,2009,top1_b2a,0.030363364858138377
en-ar-starved,starved,en-ar,7,1000,hungarian,0.844
en-ar-starved,starved,en-ar,7,1000,mexa_mutual,0.05500000000000001
en-ar-starved,starved,en-ar,7,1000,top1_a2b,0.327
en-ar-starved,starved,en-ar,7,1000,top1_b2a,0.077
en-ar-starved,starved,en-ar,7,2009,hungarian,0.8023892483822798
en-ar-starved,starved,en-ar,7,2009,mexa_mutual,0.039323046291687404
en-ar-starved,starved,en-ar,7,2009,top1_a2b,0.2772523643603783
en-ar-starved,starved,en-ar,7,2009,top1_b2a,0.0587356893977103
en-ar-starved,starved,en-ar,8,1000,hungarian,0.8119999999999999
en-ar-starved,starved,en-ar,8,1000,mexa_mutual,0.1486
en-ar-starved,starved,en-ar,8,1000,top1_a2b,0.2088
en-ar-starved,starved,en-ar,8,1000,top1_b2a,0.3198
en-ar-starved,starved,en-ar,8,2009,hungarian,0.7779990044798407
en-ar-starved,starved,en-ar,8,2009,mexa_mutual,0.1254355400696864
en-ar-starved,starved,en-ar,8,2009,top1_a2b,0.1791936286709806
en-ar-starved,starved,en-ar,8,2009,top1_b2a,0.282727725236436
en-ar-starved,starved,en-ar,9,1000,hungarian,0.9719999999999999
en-ar-starved,starved,en-ar,9,1000,mexa_mutual,0.4408
en-ar-starved,starved,en-ar,9,1000,top1_a2b,0.4782
en-ar-starved,starved,en-ar,9,1000,top1_b2a,0.7742
en-ar-starved,starved,en-ar,9,2009,hungarian,0.9581881533101045
en-ar-starved,starved,en-ar,9,2009,mexa_mutual,0.406172224987556
en-ar-starved,starved,en-ar,9,2009,top1_a2b,0.44649079143852666
en-ar-starved,starved,en-ar,9,2009,top1_b2a,0.7426580388252862
en-ar-starved,starved,en-ar,10,1000,hungarian,0.9975999999999999
en-ar-starved,starved,en-ar,10,1000,mexa_mutual,0.7438
en-ar-starved,starved,en-ar,10,1000,top1_a2b,0.7538
en-ar-starved,starved,en-ar,10,1000,top1_b2a,0.9666
en-ar-starved,starved,en-ar,10,2009,hungarian,0.9965156794425087
en-ar-starved,starved,en-ar,10,2009,mexa_mutual,0.7207565953210553
en-ar-starved,starved,en-ar,10,2009,top1_a2b,0.7322050771528124
en-ar-starved,starved,en-ar,10,2009,top1_b2a,0.9542060726729716
en-ar-starved,starved,en-ar,11,1000,hungarian,1.0
en-ar-starved,starved,en-ar,11,1000,mexa_mutual,0.8960000000000001
en-ar-starved,starved,en-ar,11,1000,top1_a2b,0.8987999999999999
en-ar-starved,starved,en-ar,11,1000,top1_b2a,0.9924
en-ar-starved,starved,en-ar,11,2009,hungarian,1.0
en-ar-starved,starved,en-ar,11,2009,mexa_mutual,0.8775510204081632
en-ar-starved,starved,en-ar,11,2009,top1_a2b,0.8815331010452961
en-ar-starved,starved,en-ar,11,2009,top1_b2a,0.9900447984071677
en-ar-starved,starved,en-ar,12,1000,hungarian,1.0
en-ar-starved,starved,en-ar,12,1000,mexa_mutual,0.9491999999999999
en-ar-starved,starved,en-ar,12,1000,top1_a2b,0.9523999999999999
en-ar-starved,starved,en-ar,12,1000,top1_b2a,0.9932000000000001
en-ar-starved,starved,en-ar,12,2009,hungarian,1.0
en-ar-starved,starved,en-ar,12,2009,mexa_mutual,0.9362867098058736
en-ar-starved,starved,en-ar,12,2009,top1_a2b,0.9417620706819313
en-ar-starved,starved,en-ar,12,2009,top1_b2a,0.9895470383275261
en-ar-starved,starved,en-ar,13,1000,hungarian,1.0
en-ar-starved,starved,en-ar,13,1000,mexa_mutual,0.9704
en-ar-starved,starved,en-ar,13,1000,top1_a2b,0.9746
en-ar-starved,starved,en-ar,13,1000,top1_b2a,0.9942
en-ar-starved,starved,en-ar,13,2009,hungarian,1.0
en-ar-starved,starved,en-ar,13,2009,mexa_mutual,0.9571926331508213
en-ar-starved,starved,en-ar,13,2009,top1_a2b,0.9646590343454455
en-ar-starved,starved,en-ar,13,2009,top1_b2a,0.9900447984071677
en-ar-starved,starved,en-ar,14,1000,hungarian,1.0
en-ar-starved,starved,en-ar,14,1000,mexa_mutual,0.9732
en-ar-starved,starved,en-ar,14,1000,top1_a2b,0.9822
en-ar-starved,starved,en-ar,14,1000,top1_b2a,0.9884000000000001
en-ar-starved,starved,en-ar,14,2009,hungarian,1.0
en-ar-starved,starved,en-ar,14,2009,mexa_mutual,0.9616724738675958
en-ar-starved,starved,en-ar,14,2009,top1_a2b,0.9746142359382778
en-ar-starved,starved,en-ar,14,2009,top1_b2a,0.9835739173718268
en-ar-starved,starved,en-ar,15,1000,hungarian,1.0
en-ar-starved,starved,en-ar,15,1000,mexa_mutual,0.7476
en-ar-starved,starved,en-ar,15,1000,top1_a2b,0.8795999999999999
en-ar-starved,starved,en-ar,15,1000,top1_b2a,0.8315999999999999
en-ar-starved,starved,en-ar,15,2009,hungarian,1.0
en-ar-starved,starved,en-ar,15,2009,mexa_mutual,0.6888999502239921
en-ar-starved,starved,en-ar,15,2009,top1_a2b,0.8481831757093081
en-ar-starved,starved,en-ar,15,2009,top1_b2a,0.7839721254355401
en-ar-starved,starved,en-ar,16,1000,hungarian,1.0
en-ar-starved,starved,en-ar,16,1000,mexa_mutual,0.0678
en-ar-starved,starved,en-ar,16,1000,top1_a2b,0.35819999999999996
en-ar-starved,starved,en-ar,16,1000,top1_b2a,0.09140000000000001
en-ar-starved,starved,en-ar,16,2009,hungarian,1.0
en-ar-starved,starved,en-ar,16,2009,mexa_mutual,0.04828272772523644
en-ar-starved,starved,en-ar,16,2009,top1_a2b,0.282727725236436
en-ar-starved,starved,en-ar,16,2009,top1_b2a,0.06570433051269288
en-de-fair,fair,en-de,0,1000,hungarian,0.756
en-de-fair,fair,en-de,0,1000,mexa_mutual,0.5416000000000001
en-de-fair,fair,en-de,0,1000,top1_a2b,0.6424000000000001
en-de-fair,fair,en-de,0,1000,top1_b2a,0.62
en-de-fair,fair,en-de,0,2009,hungarian,0.7282229965156795
en-de-fair,fair,en-de,0,2009,mexa_mutual,0.49776007964161273
en-de-fair,fair,en-de,0,2009,top1_a2b,0.593827775012444
en-de-fair,fair,en-de,0,2009,top1_b2a,0.5793927327028372
en-de-fair,fair,en-de,1,1000,hungarian,0.9965999999999999
en-de-fair,fair,en-de,1,1000,mexa_mutual,0.5364000000000001
en-de-fair,fair,en-de,1,1000,top1_a2b,0.7392
en-de-fair,fair,en-de,1,1000,top1_b2a,0.6784000000000001
en-de-fair,fair,en-de,1,2009,hungarian,0.9920358387257342
en-de-fair,fair,en-de,1,2009,mexa_mutual,0.5042309606769537
en-de-fair,fair,en-de,1,2009,top1_a2b,0.7187655550024888
en-de-fair,fair,en-de,1,2009,top1_b2a,0.6441015430562469
en-de-fair,fair,en-de,2,1000,hungarian,0.792
en-de-fair,fair,en-de,2,1000,mexa_mutual,0.6228
en-de-fair,fair,en-de,2,1000,top1_a2b,0.6784000000000001
en-de-fair,fair,en-de,2,1000,top1_b2a,0.683
en-de-fair,fair,en-de,2,2009,hungarian,0.7889497262319562
en-de-fair,fair,en-de,2,2009,mexa_mutual,0.6017919362867098
en-de-fair,fair,en-de,2,2009,top1_a2b,0.662020905923345
en-de-fair,fair,en-de,2,2009,top1_b2a,0.6669985067197611
en-de-fair,fair,en-de,3,1000,hungarian,0.8455999999999999
en-de-fair,fair,en-de,3,1000,mexa_mutual,0.7123999999999999
en-de-fair,fair,en-de,3,1000,top1_a2b,0.7652
en-de-fair,fair,en-de,3,1000,top1_b2a,0.7576
en-de-fair,fair,en-de,3,2009,hungarian,0.8461921353907417
en-de-fair,fair,en-de,3,2009,mexa_mutual,0.6968641114982579
en-de-fair,fair,en-de,3,2009,top1_a2b,0.7560975609756098
en-de-fair,fair,en-de,3,2009,top1_b2a,0.7446490791438527
en-de-fair,fair,en-de,4,1000,hungarian,0.8347999999999999
en-de-fair,fair,en-de,4,1000,mexa_mutual,0.6594
en-de-fair,fair,en-de,4,1000,top1_a2b,0.6906
en-de-fair,fair,en-de,4,1000,top1_b2a,0.7535999999999999
en-de-fair,fair,en-de,4,2009,hungarian,0.8322548531607765
en-de-fair,fair,en-de,4,2009,mexa_mutual,0.6436037829766053
en-de-fair,fair,en-de,4,2009,top1_a2b,0.6744649079143853
en-de-fair,fair,en-de,4,2009,top1_b2a,0.7386759581881533
en-de-fair,fair,en-de,5,1000,hungarian,0.8710000000000001
en-de-fair,fair,en-de,5,1000,mexa_mutual,0.678
en-de-fair,fair,en-de,5,1000,top1_a2b,0.7036
en-de-fair,fair,en-de,5,1000,top1_b2a,0.8097999999999999
en-de-fair,fair,en-de,5,2009,hungarian,0.8715778994524639
en-de-fair,fair,en-de,5,2009,mexa_mutual,0.6625186660029866
en-de-fair,fair,en-de,5,2009,top1_a2b,0.6884021901443504
en-de-fair,fair,en-de,5,2009,top1_b2a,0.8013937282229965
en-de-fair,fair,en-de,6,1000,hungarian,0.9074
en-de-fair,fair,en-de,6,1000,mexa_mutual,0.759
en-de-fair,fair,en-de,6,1000,top1_a2b,0.7858
en-de-fair,fair,en-de,6,1000,top1_b2a,0.8821999999999999
en-de-fair,fair,en-de,6,2009,hungarian,0.9069188651070185
en-de-fair,fair,en-de,6,2009,mexa_mutual,0.7466401194624191
en-de-fair,fair,en-de,6,2009,top1_a2b,0.7700348432055749
en-de-fair,fair,en-de,6,2009,top1_b2a,0.8810353409656545
en-de-fair,fair,en-de,7,1000,hungarian,0.9501999999999999
en-de-fair,fair,en-de,7,1000,mexa_mutual,0.868
en-de-fair,fair,en-de,7,1000,top1_a2b,0.8855999999999999
en-de-fair,fair,en-de,7,1000,top1_b2a,0.9381999999999999
en-de-fair,fair,en-de,7,2009,hungarian,0.9457441513190642
en-de-fair,fair,en-de,7,2009,mexa_mutual,0.86112493777999
en-de-fair,fair,en-de,7,2009,top1_a2b,0.8765555002488801
en-de-fair,fair,en-de,7,2009,top1_b2a,0.9352911896465903
en-de-fair,fair,en-de,8,1000,hungarian,0.974
en-de-fair,fair,en-de,8,1000,mexa_mutual,0.9232000000000001
en-de-fair,fair,en-de,8,1000,top1_a2b,0.946
en-de-fair,fair,en-de,8,1000,top1_b2a,0.9570000000000001
en-de-fair,fair,en-de,8,2009,hungarian,0.9696366351418616
en-de-fair,fair,en-de,8,2009,mexa_mutual,0.9208561473369836
en-de-fair,fair,en-de,8,2009,top1_a2b,0.9407665505226481
en-de-fair,fair,en-de,8,2009,top1_b2a,0.9547038327526133
en-de-fair,fair,en-de,9,1000,hungarian,0.9833999999999999
en-de-fair,fair,en-de,9,1000,mexa_mutual,0.942
en-de-fair,fair,en-de,9,1000,top1_a2b,0.9648
en-de-fair,fair,en-de,9,1000,top1_b2a,0.9654
en-de-fair,fair,en-de,9,2009,hungarian,0.9810851169736187
en-de-fair,fair,en-de,9,2009,mexa_mutual,0.9377799900447984
en-de-fair,fair,en-de,9,2009,top1_a2b,0.9611747137879542
en-de-fair,fair,en-de,9,2009,top1_b2a,0.9626679940268791
en-de-fair,fair,en-de,10,1000,hungarian,0.993
en-de-fair,fair,en-de,10,1000,mexa_mutual,0.9516
en-de-fair,fair,en-de,10,1000,top1_a2b,0.9747999999999999
en-de-fair,fair,en-de,10,1000,top1_b2a,0.9730000000000001
en-de-fair,fair,en-de,10,2009,hungarian,0.9905425584868094
en-de-fair,fair,en-de,10,2009,mexa_mutual,0.9462419113987058
en-de-fair,fair,en-de,10,2009,top1_a2b,0.9706321553011449
en-de-fair,fair,en-de,10,2009,top1_b2a,0.96913887506222
en-de-fair,fair,en-de,11,1000,hungarian,1.0
en-de-fair,fair,en-de,11,1000,mexa_mutual,0.9724
en-de-fair,fair,en-de,11,1000,top1_a2b,0.9874
en-de-fair,fair,en-de,11,1000,top1_b2a,0.9846
en-de-fair,fair,en-de,11,2009,hungarian,1.0
en-de-fair,fair,en-de,11,2009,mexa_mutual,0.9681433549029368
en-de-fair,fair,en-de,11,2009,top1_a2b,0.98456943753111
en-de-fair,fair,en-de,11,2009,top1_b2a,0.9825783972125436
en-de-fair,fair,en-de,12,1000,hungarian,1.0
en-de-fair,fair,en-de,12,1000,mexa_mutual,0.9783999999999999
en-de-fair,fair,en-de,12,1000,top1_a2b,0.99
en-de-fair,fair,en-de,12,1000,top1_b2a,0.9878
en-de-fair,fair,en-de,12,2009,hungarian,1.0
en-de-fair,fair,en-de,12,2009,mexa_mutual,0.9731209556993529
en-de-fair,fair,en-de,12,2009,top1_a2b,0.987058237929318
en-de-fair,fair,en-de,12,2009,top1_b2a,0.9850671976107516
en-de-fair,fair,en-de,13,1000,hungarian,1.0
en-de-fair,fair,en-de,13,1000,mexa_mutual,0.9934
en-de-fair,fair,en-de,13,1000,top1_a2b,0.9978
en-de-fair,fair,en-de,13,1000,top1_b2a,0.9949999999999999
en-de-fair,fair,en-de,13,2009,hungarian,1.0
en-de-fair,fair,en-de,13,2009,mexa_mutual,0.9900447984071677
en-de-fair,fair,en-de,13,2009,top1_a2b,0.9950223992035838
en-de-fair,fair,en-de,13,2009,top1_b2a,0.9945246391239423
en-de-fair,fair,en-de,14,1000,hungarian,1.0
en-de-fair,fair,en-de,14,1000,mexa_mutual,0.9952
en-de-fair,fair,en-de,14,1000,top1_a2b,0.9974000000000001
en-de-fair,fair,en-de,14,1000,top1_b2a,0.9964000000000001
en-de-fair,fair,en-de,14,2009,hungarian,1.0
en-de-fair,fair,en-de,14,2009,mexa_mutual,0.9930313588850174
en-de-fair,fair,en-de,14,2009,top1_a2b,0.9950223992035838
en-de-fair,fair,en-de,14,2009,top1_b2a,0.9965156794425087
en-de-fair,fair,en-de,15,1000,hungarian,1.0
en-de-fair,fair,en-de,15,1000,mexa_mutual,0.9077999999999999
en-de-fair,fair,en-de,15,1000,top1_a2b,0.9676
en-de-fair,fair,en-de,15,1000,top1_b2a,0.93
en-de-fair,fair,en-de,15,2009,hungarian,1.0
en-de-fair,fair,en-de,15,2009,mexa_mutual,0.8437033349925336
en-de-fair,fair,en-de,15,2009,top1_a2b,0.9113987058237929
en-de-fair,fair,en-de,15,2009,top1_b2a,0.9054255848680935
en-de-fair,fair,en-de,16,1000,hungarian,1.0
en-de-fair,fair,en-de,16,1000,mexa_mutual,0.37320000000000003
en-de-fair,fair,en-de,16,1000,top1_a2b,0.7882
en-de-fair,fair,en-de,16,1000,top1_b2a,0.40120000000000006
en-de-fair,fair,en-de,16,2009,hungarian,1.0
en-de-fair,fair,en-de,16,2009,mexa_mutual,0.30214036834245894
en-de-fair,fair,en-de,16,2009,top1_a2b,0.6087605774016924
en-de-fair,fair,en-de,16,2009,top1_b2a,0.3469387755102041
en-de-starved,starved,en-de,0,1000,hungarian,0.4236
en-de-starved,starved,en-de,0,1000,mexa_mutual,0.28859999999999997
en-de-starved,starved,en-de,0,1000,top1_a2b,0.3498
en-de-starved,starved,en-de,0,1000,top1_b2a,0.36079999999999995
en-de-starved,starved,en-de,0,2009,hungarian,0.38476854156296664
en-de-starved,starved,en-de,0,2009,mexa_mutual,0.25833748133399703
en-de-starved,starved,en-de,0,2009,top1_a2b,0.31408661025385765
en-de-starved,starved,en-de,0,2009,top1_b2a,0.32653061224489793
en-de-starved,starved,en-de,1,1000,hungarian,0.8236000000000001
en-de-starved,starved,en-de,1,1000,mexa_mutual,0.39180000000000004
en-de-starved,starved,en-de,1,1000,top1_a2b,0.5556
en-de-starved,starved,en-de,1,1000,top1_b2a,0.4434
en-de-starved,starved,en-de,1,2009,hungarian,0.7765057242409159
en-de-starved,starved,en-de,1,2009,mexa_mutual,0.36585365853658536
en-de-starved,starved,en-de,1,2009,top1_a2b,0.5246391239422599
en-de-starved,starved,en-de,1,2009,top1_b2a,0.4141363862618218
en-de-starved,starved,en-de,2,1000,hungarian,0.9280000000000002
en-de-starved,starved,en-de,2,1000,mexa_mutual,0.34199999999999997
en-de-starved,starved,en-de,2,1000,top1_a2b,0.6514
en-de-starved,starved,en-de,2,1000,top1_b2a,0.40120000000000006
en-de-starved,starved,en-de,2,2009,hungarian,0.8929815828770533
en-de-starved,starved,en-de,2,2009,mexa_mutual,0.3205574912891986
en-de-starved,starved,en-de,2,2009,top1_a2b,0.6177202588352414
en-de-starved,starved,en-de,2,2009,top1_b2a,0.3673469387755102
en-de-starved,starved,en-de,3,1000,hungarian,0.9446
en-de-starved,starved,en-de,3,1000,mexa_mutual,0.36019999999999996
en-de-starved,starved,en-de,3,1000,top1_a2b,0.651
en-de-starved,starved,en-de,3,1000,top1_b2a,0.4372
en-de-starved,starved,en-de,3,2009,hungarian,0.9118964659034345
en-de-starved,starved,en-de,3,2009,mexa_mutual,0.3330014932802389
en-de-starved,starved,en-de,3,2009,top1_a2b,0.6127426580388253
en-de-starved,starved,en-de,3,2009,top1_b2a,0.40467894474863114
en-de-starved,starved,en-de,4,1000,hungarian,0.9644
en-de-starved,starved,en-de,4,1000,mexa_mutual,0.3968
en-de-starved,starved,en-de,4,1000,top1_a2b,0.7224
en-de-starved,starved,en-de,4,1000,top1_b2a,0.4598
en-de-starved,starved,en-de,4,2009,hungarian,0.9407665505226481
en-de-starved,starved,en-de,4,2009,mexa_mutual,0.36884021901443503
en-de-starved,starved,en-de,4,2009,top1_a2b,0.6849178695868592
en-de-starved,starved,en-de,4,2009,top1_b2a,0.42857142857142855
en-de-starved,starved,en-de,5,1000,hungarian,0.8446
en-de-starved,starved,en-de,5,1000,mexa_mutual,0.3258
en-de-starved,starved,en-de,5,1000,top1_a2b,0.394
en-de-starved,starved,en-de,5,1000,top1_b2a,0.4226
en-de-starved,starved,en-de,5,2009,hungarian,0.8337481333997013
en-de-starved,starved,en-de,5,2009,mexa_mutual,0.2976605276256844
en-de-starved,starved,en-de,5,2009,top1_a2b,0.3638626182180189
en-de-starved,starved,en-de,5,2009,top1_b2a,0.38476854156296664
en-de-starved,starved,en-de,6,1000,hungarian,0.8912000000000001
en-de-starved,starved,en-de,6,1000,mexa_mutual,0.41180000000000005
en-de-starved,starved,en-de,6,1000,top1_a2b,0.4878
en-de-starved,starved,en-de,6,1000,top1_b2a,0.5214000000000001
en-de-starved,starved,en-de,6,2009,hungarian,0.8865107018417123
en-de-starved,starved,en-de,6,2009,mexa_mutual,0.38078646092583374
en-de-starved,starved,en-de,6,2009,top1_a2b,0.45744151319064214
en-de-starved,starved,en-de,6,2009,top1_b2a,0.4878048780487805
en-de-starved,starved,en-de,7,1000,hungarian,0.9054
en-de-starved,starved,en-de,7,1000,mexa_mutual,0.4948
en-de-starved,starved,en-de,7,1000,top1_a2b,0.5592
en-de-starved,starved,en-de,7,1000,top1_b2a,0.585
en-de-starved,starved,en-de,7,2009,hungarian,0.9059233449477352
en-de-starved,starved,en-de,7,2009,mexa_mutual,0.46938775510204084
en-de-starved,starved,en-de,7,2009,top1_a2b,0.5326032852165257
en-de-starved,starved,en-de,7,2009,top1_b2a,0.560477849676456
en-de-starved,starved,en-de,8,1000,hungarian,0.909
en-de-starved,starved,en-de,8,1000,mexa_mutual,0.4508
en-de-starved,starved,en-de,8,1000,top1_a2b,0.4662
en-de-starved,starved,en-de,8,1000,top1_b2a,0.6678000000000001
en-de-starved,starved,en-de,8,2009,hungarian,0.904927824788452
en-de-starved,starved,en-de,8,2009,mexa_mutual,0.4295669487307118
en-de-starved,starved,en-de,8,2009,top1_a2b,0.44300647088103534
en-de-starved,starved,en-de,8,2009,top1_b2a,0.6450970632155301
en-de-starved,starved,en-de,9,1000,hungarian,0.9443999999999999
en-de-starved,starved,en-de,9,1000,mexa_mutual,0.6262000000000001
en-de-starved,starved,en-de,9,1000,top1_a2b,0.6372
en-de-starved,starved,en-de,9,1000,top1_b2a,0.8568
en-de-starved,starved,en-de,9,2009,hungarian,0.9457441513190642
en-de-starved,starved,en-de,9,2009,mexa_mutual,0.6007964161274266
en-de-starved,starved,en-de,9,2009,top1_a2b,0.6107516177202589
en-de-starved,starved,en-de,9,2009,top1_b2a,0.8387257341961175
en-de-starved,starved,en-de,10,1000,hungarian,0.9718
en-de-starved,starved,en-de,10,1000,mexa_mutual,0.8256
en-de-starved,starved,en-de,10,1000,top1_a2b,0.8413999999999999
en-de-starved,starved,en-de,10,1000,top1_b2a,0.961
en-de-starved,starved,en-de,10,2009,hungarian,0.9686411149825784
en-de-starved,starved,en-de,10,2009,mexa_mutual,0.8018914883026381
en-de-starved,starved,en-de,10,2009,top1_a2b,0.8168242906918866
en-de-starved,starved,en-de,10,2009,top1_b2a,0.9561971129915381
en-de-starved,starved,en-de,11,1000,hungarian,0.9945999999999999
en-de-starved,starved,en-de,11,1000,mexa_mutual,0.9262
en-de-starved,starved,en-de,11,1000,top1_a2b,0.9384
en-de-starved,starved,en-de,11,1000,top1_b2a,0.983
en-de-starved,starved,en-de,11,2009,hungarian,0.9920358387257342
en-de-starved,starved,en-de,11,2009,mexa_mutual,0.9113987058237929
en-de-starved,starved,en-de,11,2009,top1_a2b,0.9248382279741165
en-de-starved,starved,en-de,11,2009,top1_b2a,0.9785963165754107
en-de-starved,starved,en-de,12,1000,hungarian,0.9987999999999999
en-de-starved,starved,en-de,12,1000,mexa_mutual,0.9603999999999999
en-de-starved,starved,en-de,12,1000,top1_a2b,0.9673999999999999
en-de-starved,starved,en-de,12,1000,top1_b2a,0.9907999999999999
en-de-starved,starved,en-de,12,2009,hungarian,0.9990044798407167
en-de-starved,starved,en-de,12,2009,mexa_mutual,0.9507217521154804
en-de-starved,starved,en-de,12,2009,top1_a2b,0.960179193628671
en-de-starved,starved,en-de,12,2009,top1_b2a,0.9875559980089597
en-de-starved,starved,en-de,13,1000,hungarian,1.0
en-de-starved,starved,en-de,13,1000,mexa_mutual,0.9836
en-de-starved,starved,en-de,13,1000,top1_a2b,0.9862
en-de-starved,starved,en-de,13,1000,top1_b2a,0.9960000000000001
en-de-starved,starved,en-de,13,2009,hungarian,1.0
en-de-starved,starved,en-de,13,2009,mexa_mutual,0.9785963165754107
en-de-starved,starved,en-de,13,2009,top1_a2b,0.9810851169736187
en-de-starved,starved,en-de,13,2009,top1_b2a,0.9960179193628671
en-de-starved,starved,en-de,14,1000,hungarian,1.0
en-de-starved,starved,en-de,14,1000,mexa_mutual,0.9926
en-de-starved,starved,en-de,14,1000,top1_a2b,0.9945999999999999
en-de-starved,starved,en-de,14,1000,top1_b2a,0.9974000000000001
en-de-starved,starved,en-de,14,2009,hungarian,1.0
en-de-starved,starved,en-de,14,2009,mexa_mutual,0.9880537580886013
en-de-starved,starved,en-de,14,2009,top1_a2b,0.9900447984071677
en-de-starved,starved,en-de,14,2009,top1_b2a,0.9970134395221503
en-de-starved,starved,en-de,15,1000,hungarian,1.0
en-de-starved,starved,en-de,15,1000,mexa_mutual,0.9853999999999999
en-de-starved,starved,en-de,15,1000,top1_a2b,0.9875999999999999
en-de-starved,starved,en-de,15,1000,top1_b2a,0.9965999999999999
en-de-starved,starved,en-de,15,2009,hungarian,1.0
en-de-starved,starved,en-de,15,2009,mexa_mutual,0.9771030363364858
en-de-starved,starved,en-de,15,2009,top1_a2b,0.9810851169736187
en-de-starved,starved,en-de,15,2009,top1_b2a,0.9945246391239423
en-de-starved,starved,en-de,16,1000,hungarian,1.0
en-de-starved,starved,en-de,16,1000,mexa_mutual,0.5332
en-de-starved,starved,en-de,16,1000,top1_a2b,0.8528
en-de-starved,starved,en-de,16,1000,top1_b2a,0.6024
en-de-starved,starved,en-de,16,2009,hungarian,1.0
en-de-starved,starved,en-de,16,2009,mexa_mutual,0.45893479342956695
en-de-starved,starved,en-de,16,2009,top1_a2b,0.7775012444001991
en-de-starved,starved,en-de,16,2009,top1_b2a,0.5490293678446988
en-fr-fair,fair,en-fr,0,1000,hungarian,0.8437999999999999
en-fr-fair,fair,en-fr,0,1000,mexa_mutual,0.616
en-fr-fair,fair,en-fr,0,1000,top1_a2b,0.7282
en-fr-fair,fair,en-fr,0,1000,top1_b2a,0.6892
en-fr-fair,fair,en-fr,0,2009,hungarian,0.7989049278247885
en-fr-fair,fair,en-fr,0,2009,mexa_mutual,0.571926331508213
en-fr-fair,fair,en-fr,0,2009,top1_a2b,0.6784469885515182
en-fr-fair,fair,en-fr,0,2009,top1_b2a,0.6550522648083623
en-fr-fair,fair,en-fr,1,1000,hungarian,1.0
en-fr-fair,fair,en-fr,1,1000,mexa_mutual,0.7496
en-fr-fair,fair,en-fr,1,1000,top1_a2b,0.907
en-fr-fair,fair,en-fr,1,1000,top1_b2a,0.8056000000000001
en-fr-fair,fair,en-fr,1,2009,hungarian,1.0
en-fr-fair,fair,en-fr,1,2009,mexa_mutual,0.7307117969138875
en-fr-fair,fair,en-fr,1,2009,top1_a2b,0.8994524639123942
en-fr-fair,fair,en-fr,1,2009,top1_b2a,0.7839721254355401
en-fr-fair,fair,en-fr,2,1000,hungarian,0.8712
en-fr-fair,fair,en-fr,2,1000,mexa_mutual,0.5034
en-fr-fair,fair,en-fr,2,1000,top1_a2b,0.5222
en-fr-fair,fair,en-fr,2,1000,top1_b2a,0.6754
en-fr-fair,fair,en-fr,2,2009,hungarian,0.8725734196117472
en-fr-fair,fair,en-fr,2,2009,mexa_mutual,0.4873071179691389
en-fr-fair,fair,en-fr,2,2009,top1_a2b,0.5067197610751618
en-fr-fair,fair,en-fr,2,2009,top1_b2a,0.6530612244897959
en-fr-fair,fair,en-fr,3,1000,hungarian,0.8775999999999999
en-fr-fair,fair,en-fr,3,1000,mexa_mutual,0.5234
en-fr-fair,fair,en-fr,3,1000,top1_a2b,0.5432
en-fr-fair,fair,en-fr,3,1000,top1_b2a,0.6666000000000001
en-fr-fair,fair,en-fr,3,2009,hungarian,0.8755599800895968
en-fr-fair,fair,en-fr,3,2009,mexa_mutual,0.5087108013937283
en-fr-fair,fair,en-fr,3,2009,top1_a2b,0.5291189646590343
en-fr-fair,fair,en-fr,3,2009,top1_b2a,0.6450970632155301
en-fr-fair,fair,en-fr,4,1000,hungarian,0.8628
en-fr-fair,fair,en-fr,4,1000,mexa_mutual,0.5216000000000001
en-fr-fair,fair,en-fr,4,1000,top1_a2b,0.542
en-fr-fair,fair,en-fr,4,1000,top1_b2a,0.6222
en-fr-fair,fair,en-fr,4,2009,hungarian,0.8641114982578397
en-fr-fair,fair,en-fr,4,2009,mexa_mutual,0.5042309606769537
en-fr-fair,fair,en-fr,4,2009,top1_a2b,0.5236436037829766
en-fr-fair,fair,en-fr,4,2009,top1_b2a,0.605276256844201
en-fr-fair,fair,en-fr,5,1000,hungarian,0.8774000000000001
en-fr-fair,fair,en-fr,5,1000,mexa_mutual,0.5064
en-fr-fair,fair,en-fr,5,1000,top1_a2b,0.5254000000000001
en-fr-fair,fair,en-fr,5,1000,top1_b2a,0.6368
en-fr-fair,fair,en-fr,5,2009,hungarian,0.8765555002488801
en-fr-fair,fair,en-fr,5,2009,mexa_mutual,0.492284718765555
en-fr-fair,fair,en-fr,5,2009,top1_a2b,0.5116973618715779
en-fr-fair,fair,en-fr,5,2009,top1_b2a,0.615729218516675
en-fr-fair,fair,en-fr,6,1000,hungarian,0.9258000000000001
en-fr-fair,fair,en-fr,6,1000,mexa_mutual,0.6362
en-fr-fair,fair,en-fr,6,1000,top1_a2b,0.6518
en-fr-fair,fair,en-fr,6,1000,top1_b2a,0.7798
en-fr-fair,fair,en-fr,6,2009,hungarian,0.9248382279741165
en-fr-fair,fair,en-fr,6,2009,mexa_mutual,0.6102538576406172
en-fr-fair,fair,en-fr,6,2009,top1_a2b,0.6256844201095072
en-fr-fair,fair,en-fr,6,2009,top1_b2a,0.7590841214534594
en-fr-fair,fair,en-fr,7,1000,hungarian,0.9565999999999999
en-fr-fair,fair,en-fr,7,1000,mexa_mutual,0.7658
en-fr-fair,fair,en-fr,7,1000,top1_a2b,0.7792
en-fr-fair,fair,en-fr,7,1000,top1_b2a,0.909
en-fr-fair,fair,en-fr,7,2009,hungarian,0.95370831259333
en-fr-fair,fair,en-fr,7,2009,mexa_mutual,0.7426580388252862
en-fr-fair,fair,en-fr,7,2009,top1_a2b,0.754604280736685
en-fr-fair,fair,en-fr,7,2009,top1_b2a,0.9009457441513191
en-fr-fair,fair,en-fr,8,1000,hungarian,0.9800000000000001
en-fr-fair,fair,en-fr,8,1000,mexa_mutual,0.8778
en-fr-fair,fair,en-fr,8,1000,top1_a2b,0.8966000000000001
en-fr-fair,fair,en-fr,8,1000,top1_b2a,0.9597999999999999
en-fr-fair,fair,en-fr,8,2009,hungarian,0.9766052762568442
en-fr-fair,fair,en-fr,8,2009,mexa_mutual,0.8626182180189149
en-fr-fair,fair,en-fr,8,2009,top1_a2b,0.8785465405674465
en-fr-fair,fair,en-fr,8,2009,top1_b2a,0.9591836734693877
en-fr-fair,fair,en-fr,9,1000,hungarian,0.9896
en-fr-fair,fair,en-fr,9,1000,mexa_mutual,0.9134
en-fr-fair,fair,en-fr,9,1000,top1_a2b,0.93
en-fr-fair,fair,en-fr,9,1000,top1_b2a,0.9730000000000001
en-fr-fair,fair,en-fr,9,2009,hungarian,0.9860627177700348
en-fr-fair,fair,en-fr,9,2009,mexa_mutual,0.9009457441513191
en-fr-fair,fair,en-fr,9,2009,top1_a2b,0.9178695868591339
en-fr-fair,fair,en-fr,9,2009,top1_b2a,0.9681433549029368
en-fr-fair,fair,en-fr,10,1000,hungarian,0.9948
en-fr-fair,fair,en-fr,10,1000,mexa_mutual,0.9366
en-fr-fair,fair,en-fr,10,1000,top1_a2b,0.9488
en-fr-fair,fair,en-fr,10,1000,top1_b2a,0.9833999999999999
en-fr-fair,fair,en-fr,10,2009,hungarian,0.9950223992035838
en-fr-fair,fair,en-fr,10,2009,mexa_mutual,0.9303135888501742
en-fr-fair,fair,en-fr,10,2009,top1_a2b,0.9412643106022897
en-fr-fair,fair,en-fr,10,2009,top1_b2a,0.9830761572921851
en-fr-fair,fair,en-fr,11,1000,hungarian,0.9992000000000001
en-fr-fair,fair,en-fr,11,1000,mexa_mutual,0.9593999999999999
en-fr-fair,fair,en-fr,11,1000,top1_a2b,0.9652
en-fr-fair,fair,en-fr,11,1000,top1_b2a,0.993
en-fr-fair,fair,en-fr,11,2009,hungarian,0.9990044798407167
en-fr-fair,fair,en-fr,11,2009,mexa_mutual,0.9507217521154804
en-fr-fair,fair,en-fr,11,2009,top1_a2b,0.9566948730711797
en-fr-fair,fair,en-fr,11,2009,top1_b2a,0.9920358387257342
en-fr-fair,fair,en-fr,12,1000,hungarian,1.0
en-fr-fair,fair,en-fr,12,1000,mexa_mutual,0.9698
en-fr-fair,fair,en-fr,12,1000,top1_a2b,0.9746
en-fr-fair,fair,en-fr,12,1000,top1_b2a,0.9942
en-fr-fair,fair,en-fr,12,2009,hungarian,1.0
en-fr-fair,fair,en-fr,12,2009,mexa_mutual,0.9641612742658039
en-fr-fair,fair,en-fr,12,2009,top1_a2b,0.9696366351418616
en-fr-fair,fair,en-fr,12,2009,top1_b2a,0.9930313588850174
en-fr-fair,fair,en-fr,13,1000,hungarian,1.0
en-fr-fair,fair,en-fr,13,1000,mexa_mutual,0.9864
en-fr-fair,fair,en-fr,13,1000,top1_a2b,0.9879999999999999
en-fr-fair,fair,en-fr,13,1000,top1_b2a,0.9978
en-fr-fair,fair,en-fr,13,2009,hungarian,1.0
en-fr-fair,fair,en-fr,13,2009,mexa_mutual,0.9815828770532603
en-fr-fair,fair,en-fr,13,2009,top1_a2b,0.9835739173718268
en-fr-fair,fair,en-fr,13,2009,top1_b2a,0.9970134395221503
en-fr-fair,fair,en-fr,14,1000,hungarian,1.0
en-fr-fair,fair,en-fr,14,1000,mexa_mutual,0.9944
en-fr-fair,fair,en-fr,14,1000,top1_a2b,0.9945999999999999
en-fr-fair,fair,en-fr,14,1000,top1_b2a,0.9987999999999999
en-fr-fair,fair,en-fr,14,2009,hungarian,1.0
en-fr-fair,fair,en-fr,14,2009,mexa_mutual,0.9915380786460926
en-fr-fair,fair,en-fr,14,2009,top1_a2b,0.9920358387257342
en-fr-fair,fair,en-fr,14,2009,top1_b2a,0.9985067197610752
en-fr-fair,fair,en-fr,15,1000,hungarian,1.0
en-fr-fair,fair,en-fr,15,1000,mexa_mutual,0.9878
en-fr-fair,fair,en-fr,15,1000,top1_a2b,0.9922000000000001
en-fr-fair,fair,en-fr,15,1000,top1_b2a,0.9934
en-fr-fair,fair,en-fr,15,2009,hungarian,1.0
en-fr-fair,fair,en-fr,15,2009,mexa_mutual,0.9810851169736187
en-fr-fair,fair,en-fr,15,2009,top1_a2b,0.9865604778496765
en-fr-fair,fair,en-fr,15,2009,top1_b2a,0.9915380786460926
en-fr-fair,fair,en-fr,16,1000,hungarian,1.0
en-fr-fair,fair,en-fr,16,1000,mexa_mutual,0.7310000000000001
en-fr-fair,fair,en-fr,16,1000,top1_a2b,0.9587999999999999
en-fr-fair,fair,en-fr,16,1000,top1_b2a,0.7556
en-fr-fair,fair,en-fr,16,2009,hungarian,1.0
en-fr-fair,fair,en-fr,16,2009,mexa_mutual,0.6057740169238427
en-fr-fair,fair,en-fr,16,2009,top1_a2b,0.9407665505226481
en-fr-fair,fair,en-fr,16,2009,top1_b2a,0.6316575410652066
en-fr-starved,starved,en-fr,0,1000,hungarian,0.5917999999999999
en-fr-starved,starved,en-fr,0,1000,mexa_mutual,0.4084
en-fr-starved,starved,en-fr,0,1000,top1_a2b,0.49139999999999995
en-fr-starved,starved,en-fr,0,1000,top1_b2a,0.48360000000000003
en-fr-starved,starved,en-fr,0,2009,hungarian,0.5405674464907915
en-fr-starved,starved,en-fr,0,2009,mexa_mutual,0.3638626182180189
en-fr-starved,starved,en-fr,0,2009,top1_a2b,0.452463912394226
en-fr-starved,starved,en-fr,0,2009,top1_b2a,0.437033349925336
en-fr-starved,starved,en-fr,1,1000,hungarian,0.8724000000000001
en-fr-starved,starved,en-fr,1,1000,mexa_mutual,0.4958
en-fr-starved,starved,en-fr,1,1000,top1_a2b,0.6816
en-fr-starved,starved,en-fr,1,1000,top1_b2a,0.5422
en-fr-starved,starved,en-fr,1,2009,hungarian,0.8526630164260827
en-fr-starved,starved,en-fr,1,2009,mexa_mutual,0.45594823295171727
en-fr-starved,starved,en-fr,1,2009,top1_a2b,0.6525634644101543
en-fr-starved,starved,en-fr,1,2009,top1_b2a,0.4967645594823295
en-fr-starved,starved,en-fr,2,1000,hungarian,0.9064
en-fr-starved,starved,en-fr,2,1000,mexa_mutual,0.4354
en-fr-starved,starved,en-fr,2,1000,top1_a2b,0.7116
en-fr-starved,starved,en-fr,2,1000,top1_b2a,0.48179999999999995
en-fr-starved,starved,en-fr,2,2009,hungarian,0.8850174216027874
en-fr-starved,starved,en-fr,2,2009,mexa_mutual,0.3932304629168741
en-fr-starved,starved,en-fr,2,2009,top1_a2b,0.6764559482329517
en-fr-starved,starved,en-fr,2,2009,top1_b2a,0.43902439024390244
en-fr-starved,starved,en-fr,3,1000,hungarian,0.961
en-fr-starved,starved,en-fr,3,1000,mexa_mutual,0.4984
en-fr-starved,starved,en-fr,3,1000,top1_a2b,0.786
en-fr-starved,starved,en-fr,3,1000,top1_b2a,0.5324
en-fr-starved,starved,en-fr,3,2009,hungarian,0.9482329517172723
en-fr-starved,starved,en-fr,3,2009,mexa_mutual,0.45594823295171727
en-fr-starved,starved,en-fr,3,2009,top1_a2b,0.754604280736685
en-fr-starved,starved,en-fr,3,2009,top1_b2a,0.4883026381284221
en-fr-starved,starved,en-fr,4,1000,hungarian,0.9960000000000001
en-fr-starved,starved,en-fr,4,1000,mexa_mutual,0.563
en-fr-starved,starved,en-fr,4,1000,top1_a2b,0.8554
en-fr-starved,starved,en-fr,4,1000,top1_b2a,0.5934
en-fr-starved,starved,en-fr,4,2009,hungarian,0.9895470383275261
en-fr-starved,starved,en-fr,4,2009,mexa_mutual,0.5261324041811847
en-fr-starved,starved,en-fr,4,2009,top1_a2b,0.8267794922847188
en-fr-starved,starved,en-fr,4,2009,top1_b2a,0.5569935291189647
en-fr-starved,starved,en-fr,5,1000,hungarian,0.9862
en-fr-starved,starved,en-fr,5,1000,mexa_mutual,0.6258
en-fr-starved,starved,en-fr,5,1000,top1_a2b,0.758
en-fr-starved,starved,en-fr,5,1000,top1_b2a,0.6684
en-fr-starved,starved,en-fr,5,2009,hungarian,0.9805873568939771
en-fr-starved,starved,en-fr,5,2009,mexa_mutual,0.5973120955699353
en-fr-starved,starved,en-fr,5,2009,top1_a2b,0.7312095569935291
en-fr-starved,starved,en-fr,5,2009,top1_b2a,0.6431060228969636
en-fr-starved,starved,en-fr,6,1000,hungarian,0.8528
en-fr-starved,starved,en-fr,6,1000,mexa_mutual,0.4192
en-fr-starved,starved,en-fr,6,1000,top1_a2b,0.4304
en-fr-starved,starved,en-fr,6,1000,top1_b2a,0.5818
en-fr-starved,starved,en-fr,6,2009,hungarian,0.8481831757093081
en-fr-starved,starved,en-fr,6,2009,mexa_mutual,0.39671478347436534
en-fr-starved,starved,en-fr,6,2009,top1_a2b,0.4091587854654057
en-fr-starved,starved,en-fr,6,2009,top1_b2a,0.554006968641115
en-fr-starved,starved,en-fr,7,1000,hungarian,0.8577999999999999
en-fr-starved,starved,en-fr,7,1000,mexa_mutual,0.4766
en-fr-starved,starved,en-fr,7,1000,top1_a2b,0.4918
en-fr-starved,starved,en-fr,7,1000,top1_b2a,0.6534000000000001
en-fr-starved,starved,en-fr,7,2009,hungarian,0.8546540567446491
en-fr-starved,starved,en-fr,7,2009,mexa_mutual,0.45047287207565956
en-fr-starved,starved,en-fr,7,2009,top1_a2b,0.47038327526132406
en-fr-starved,starved,en-fr,7,2009,top1_b2a,0.6266799402687905
en-fr-starved,starved,en-fr,8,1000,hungarian,0.9346
en-fr-starved,starved,en-fr,8,1000,mexa_mutual,0.6918
en-fr-starved,starved,en-fr,8,1000,top1_a2b,0.706
en-fr-starved,starved,en-fr,8,1000,top1_b2a,0.8859999999999999
en-fr-starved,starved,en-fr,8,2009,hungarian,0.9323046291687407
en-fr-starved,starved,en-fr,8,2009,mexa_mutual,0.6630164260826281
en-fr-starved,starved,en-fr,8,2009,top1_a2b,0.6794425087108014
en-fr-starved,starved,en-fr,8,2009,top1_b2a,0.8685913389746143
en-fr-starved,starved,en-fr,9,1000,hungarian,0.9792
en-fr-starved,starved,en-fr,9,1000,mexa_mutual,0.8082
en-fr-starved,starved,en-fr,9,1000,top1_a2b,0.8299999999999998
en-fr-starved,starved,en-fr,9,1000,top1_b2a,0.9498
en-fr-starved,starved,en-fr,9,2009,hungarian,0.9711299153807864
en-fr-starved,starved,en-fr,9,2009,mexa_mutual,0.7874564459930313
en-fr-starved,starved,en-fr,9,2009,top1_a2b,0.8063713290194127
en-fr-starved,starved,en-fr,9,2009,top1_b2a,0.9442508710801394
en-fr-starved,starved,en-fr,10,1000,hungarian,0.9952
en-fr-starved,starved,en-fr,10,1000,mexa_mutual,0.9138
en-fr-starved,starved,en-fr,10,1000,top1_a2b,0.9308
en-fr-starved,starved,en-fr,10,1000,top1_b2a,0.9757999999999999
en-fr-starved,starved,en-fr,10,2009,hungarian,0.9940268790443006
en-fr-starved,starved,en-fr,10,2009,mexa_mutual,0.8964659034345446
en-fr-starved,starved,en-fr,10,2009,top1_a2b,0.913887506222001
en-fr-starved,starved,en-fr,10,2009,top1_b2a,0.9736187157789945
en-fr-starved,starved,en-fr,11,1000,hungarian,0.9984
en-fr-starved,starved,en-fr,11,1000,mexa_mutual,0.968
en-fr-starved,starved,en-fr,11,1000,top1_a2b,0.9788
en-fr-starved,starved,en-fr,11,1000,top1_b2a,0.9882
en-fr-starved,starved,en-fr,11,2009,hungarian,0.9980089596814335
en-fr-starved,starved,en-fr,11,2009,mexa_mutual,0.9576903932304629
en-fr-starved,starved,en-fr,11,2009,top1_a2b,0.96913887506222
en-fr-starved,starved,en-fr,11,2009,top1_b2a,0.9865604778496765
en-fr-starved,starved,en-fr,12,1000,hungarian,0.9992000000000001
en-fr-starved,starved,en-fr,12,1000,mexa_mutual,0.982
en-fr-starved,starved,en-fr,12,1000,top1_a2b,0.9879999999999999
en-fr-starved,starved,en-fr,12,1000,top1_b2a,0.993
en-fr-starved,starved,en-fr,12,2009,hungarian,0.9990044798407167
en-fr-starved,starved,en-fr,12,2009,mexa_mutual,0.978098556495769
en-fr-starved,starved,en-fr,12,2009,top1_a2b,0.9840716774514684
en-fr-starved,starved,en-fr,12,2009,top1_b2a,0.9925335988053758
en-fr-starved,starved,en-fr,13,1000,hungarian,1.0
en-fr-starved,starved,en-fr,13,1000,mexa_mutual,0.9890000000000001
en-fr-starved,starved,en-fr,13,1000,top1_a2b,0.9922000000000001
en-fr-starved,starved,en-fr,13,1000,top1_b2a,0.9965999999999999
en-fr-starved,starved,en-fr,13,2009,hungarian,1.0
en-fr-starved,starved,en-fr,13,2009,mexa_mutual,0.9860627177700348
en-fr-starved,starved,en-fr,13,2009,top1_a2b,0.9895470383275261
en-fr-starved,starved,en-fr,13,2009,top1_b2a,0.9960179193628671
en-fr-starved,starved,en-fr,14,1000,hungarian,1.0
en-fr-starved,starved,en-fr,14,1000,mexa_mutual,0.9955999999999999
en-fr-starved,starved,en-fr,14,1000,top1_a2b,0.9965999999999999
en-fr-starved,starved,en-fr,14,1000,top1_b2a,0.999
en-fr-starved,starved,en-fr,14,2009,hungarian,1.0
en-fr-starved,starved,en-fr,14,2009,mexa_mutual,0.9930313588850174
en-fr-starved,starved,en-fr,14,2009,top1_a2b,0.9945246391239423
en-fr-starved,starved,en-fr,14,2009,top1_b2a,0.9985067197610752
en-fr-starved,starved,en-fr,15,1000,hungarian,1.0
en-fr-starved,starved,en-fr,15,1000,mexa_mutual,0.9858
en-fr-starved,starved,en-fr,15,1000,top1_a2b,0.993
en-fr-starved,starved,en-fr,15,1000,top1_b2a,0.9926
en-fr-starved,starved,en-fr,15,2009,hungarian,1.0
en-fr-starved,starved,en-fr,15,2009,mexa_mutual,0.9805873568939771
en-fr-starved,starved,en-fr,15,2009,top1_a2b,0.9885515181682429
en-fr-starved,starved,en-fr,15,2009,top1_b2a,0.9915380786460926
en-fr-starved,starved,en-fr,16,1000,hungarian,1.0
en-fr-starved,starved,en-fr,16,1000,mexa_mutual,0.558
en-fr-starved,starved,en-fr,16,1000,top1_a2b,0.9274000000000001
en-fr-starved,starved,en-fr,16,1000,top1_b2a,0.5978
en-fr-starved,starved,en-fr,16,2009,hungarian,1.0
en-fr-starved,starved,en-fr,16,2009,mexa_mutual,0.4808362369337979
en-fr-starved,starved,en-fr,16,2009,top1_a2b,0.9069188651070185
en-fr-starved,starved,en-fr,16,2009,top1_b2a,0.5216525634644101
en-zh-fair,fair,en-zh,0,1000,hungarian,0.6042
en-zh-fair,fair,en-zh,0,1000,mexa_mutual,0.20659999999999998
en-zh-fair,fair,en-zh,0,1000,top1_a2b,0.2992
en-zh-fair,fair,en-zh,0,1000,top1_b2a,0.4102
en-zh-fair,fair,en-zh,0,2009,hungarian,0.5624688899950224
en-zh-fair,fair,en-zh,0,2009,mexa_mutual,0.17720258835241415
en-zh-fair,fair,en-zh,0,2009,top1_a2b,0.2707814833250373
en-zh-fair,fair,en-zh,0,2009,top1_b2a,0.36436037829766055
en-zh-fair,fair,en-zh,1,1000,hungarian,0.9846
en-zh-fair,fair,en-zh,1,1000,mexa_mutual,0.46900000000000003
en-zh-fair,fair,en-zh,1,1000,top1_a2b,0.6194
en-zh-fair,fair,en-zh,1,1000,top1_b2a,0.7154
en-zh-fair,fair,en-zh,1,2009,hungarian,0.9790940766550522
en-zh-fair,fair,en-zh,1,2009,mexa_mutual,0.4315579890492782
en-zh-fair,fair,en-zh,1,2009,top1_a2b,0.5798904927824788
en-zh-fair,fair,en-zh,1,2009,top1_b2a,0.6829268292682927
en-zh-fair,fair,en-zh,2,1000,hungarian,0.9732
en-zh-fair,fair,en-zh,2,1000,mexa_mutual,0.631
en-zh-fair,fair,en-zh,2,1000,top1_a2b,0.688
en-zh-fair,fair,en-zh,2,1000,top1_b2a,0.8583999999999999
en-zh-fair,fair,en-zh,2,2009,hungarian,0.9711299153807864
en-zh-fair,fair,en-zh,2,2009,mexa_mutual,0.5923344947735192
en-zh-fair,fair,en-zh,2,2009,top1_a2b,0.6570433051269288
en-zh-fair,fair,en-zh,2,2009,top1_b2a,0.8322548531607765
en-zh-fair,fair,en-zh,3,1000,hungarian,0.974
en-zh-fair,fair,en-zh,3,1000,mexa_mutual,0.6488
en-zh-fair,fair,en-zh,3,1000,top1_a2b,0.7036
en-zh-fair,fair,en-zh,3,1000,top1_b2a,0.8625999999999999
en-zh-fair,fair,en-zh,3,2009,hungarian,0.9706321553011449
en-zh-fair,fair,en-zh,3,2009,mexa_mutual,0.6132404181184669
en-zh-fair,fair,en-zh,3,2009,top1_a2b,0.6779492284718766
en-zh-fair,fair,en-zh,3,2009,top1_b2a,0.8367346938775511
en-zh-fair,fair,en-zh,4,1000,hungarian,0.991
en-zh-fair,fair,en-zh,4,1000,mexa_mutual,0.7256
en-zh-fair,fair,en-zh,4,1000,top1_a2b,0.7832000000000001
en-zh-fair,fair,en-zh,4,1000,top1_b2a,0.8757999999999999
en-zh-fair,fair,en-zh,4,2009,hungarian,0.987058237929318
en-zh-fair,fair,en-zh,4,2009,mexa_mutual,0.6874066699850672
en-zh-fair,fair,en-zh,4,2009,top1_a2b,0.7511199601791936
en-zh-fair,fair,en-zh,4,2009,top1_b2a,0.8531607765057242
en-zh-fair,fair,en-zh,5,1000,hungarian,0.8528
en-zh-fair,fair,en-zh,5,1000,mexa_mutual,0.5374000000000001
en-zh-fair,fair,en-zh,5,1000,top1_a2b,0.6448
en-zh-fair,fair,en-zh,5,1000,top1_b2a,0.725
en-zh-fair,fair,en-zh,5,2009,hungarian,0.8332503733200597
en-zh-fair,fair,en-zh,5,2009,mexa_mutual,0.5146839223494276
en-zh-fair,fair,en-zh,5,2009,top1_a2b,0.624688899950224
en-zh-fair,fair,en-zh,5,2009,top1_b2a,0.7003484320557491
en-zh-fair,fair,en-zh,6,1000,hungarian,0.9532
en-zh-fair,fair,en-zh,6,1000,mexa_mutual,0.6592
en-zh-fair,fair,en-zh,6,1000,top1_a2b,0.746
en-zh-fair,fair,en-zh,6,1000,top1_b2a,0.8619999999999999
en-zh-fair,fair,en-zh,6,2009,hungarian,0.9342956694873071
en-zh-fair,fair,en-zh,6,2009,mexa_mutual,0.6371329019412643
en-zh-fair,fair,en-zh,6,2009,top1_a2b,0.7322050771528124
en-zh-fair,fair,en-zh,6,2009,top1_b2a,0.8382279741164759
en-zh-fair,fair,en-zh,7,1000,hungarian,0.9960000000000001
en-zh-fair,fair,en-zh,7,1000,mexa_mutual,0.797
en-zh-fair,fair,en-zh,7,1000,top1_a2b,0.858
en-zh-fair,fair,en-zh,7,1000,top1_b2a,0.9308
en-zh-fair,fair,en-zh,7,2009,hungarian,0.9895470383275261
en-zh-fair,fair,en-zh,7,2009,mexa_mutual,0.7775012444001991
en-zh-fair,fair,en-zh,7,2009,top1_a2b,0.8456943753111
en-zh-fair,fair,en-zh,7,2009,top1_b2a,0.9178695868591339
en-zh-fair,fair,en-zh,8,1000,hungarian,0.9992000000000001
en-zh-fair,fair,en-zh,8,1000,mexa_mutual,0.8469999999999999
en-zh-fair,fair,en-zh,8,1000,top1_a2b,0.8981999999999999
en-zh-fair,fair,en-zh,8,1000,top1_b2a,0.9478
en-zh-fair,fair,en-zh,8,2009,hungarian,0.9980089596814335
en-zh-fair,fair,en-zh,8,2009,mexa_mutual,0.8307615729218517
en-zh-fair,fair,en-zh,8,2009,top1_a2b,0.8885017421602788
en-zh-fair,fair,en-zh,8,2009,top1_b2a,0.93827775012444
en-zh-fair,fair,en-zh,9,1000,hungarian,0.9996
en-zh-fair,fair,en-zh,9,1000,mexa_mutual,0.8646
en-zh-fair,fair,en-zh,9,1000,top1_a2b,0.9178000000000001
en-zh-fair,fair,en-zh,9,1000,top1_b2a,0.9452
en-zh-fair,fair,en-zh,9,2009,hungarian,0.9990044798407167
en-zh-fair,fair,en-zh,9,2009,mexa_mutual,0.8456943753111
en-zh-fair,fair,en-zh,9,2009,top1_a2b,0.9059233449477352
en-zh-fair,fair,en-zh,9,2009,top1_b2a,0.9357889497262319
en-zh-fair,fair,en-zh,10,1000,hungarian,0.9996
en-zh-fair,fair,en-zh,10,1000,mexa_mutual,0.8902000000000001
en-zh-fair,fair,en-zh,10,1000,top1_a2b,0.9326000000000001
en-zh-fair,fair,en-zh,10,1000,top1_b2a,0.9554
en-zh-fair,fair,en-zh,10,2009,hungarian,0.9990044798407167
en-zh-fair,fair,en-zh,10,2009,mexa_mutual,0.8695868591338974
en-zh-fair,fair,en-zh,10,2009,top1_a2b,0.9173718267794922
en-zh-fair,fair,en-zh,10,2009,top1_b2a,0.947237431557989
en-zh-fair,fair,en-zh,11,1000,hungarian,0.9996
en-zh-fair,fair,en-zh,11,1000,mexa_mutual,0.9052
en-zh-fair,fair,en-zh,11,1000,top1_a2b,0.9498
en-zh-fair,fair,en-zh,11,1000,top1_b2a,0.952
en-zh-fair,fair,en-zh,11,2009,hungarian,0.9990044798407167
en-zh-fair,fair,en-zh,11,2009,mexa_mutual,0.883026381284221
en-zh-fair,fair,en-zh,11,2009,top1_a2b,0.9328023892483823
en-zh-fair,fair,en-zh,11,2009,top1_b2a,0.944748631159781
en-zh-fair,fair,en-zh,12,1000,hungarian,0.9992000000000001
en-zh-fair,fair,en-zh,12,1000,mexa_mutual,0.921
en-zh-fair,fair,en-zh,12,1000,top1_a2b,0.9551999999999999
en-zh-fair,fair,en-zh,12,1000,top1_b2a,0.961
en-zh-fair,fair,en-zh,12,2009,hungarian,0.9980089596814335
en-zh-fair,fair,en-zh,12,2009,mexa_mutual,0.8994524639123942
en-zh-fair,fair,en-zh,12,2009,top1_a2b,0.9387755102040817
en-zh-fair,fair,en-zh,12,2009,top1_b2a,0.9542060726729716
en-zh-fair,fair,en-zh,13,1000,hungarian,0.9987999999999999
en-zh-fair,fair,en-zh,13,1000,mexa_mutual,0.9366
en-zh-fair,fair,en-zh,13,1000,top1_a2b,0.9623999999999999
en-zh-fair,fair,en-zh,13,1000,top1_b2a,0.968
en-zh-fair,fair,en-zh,13,2009,hungarian,0.9970134395221503
en-zh-fair,fair,en-zh,13,2009,mexa_mutual,0.9178695868591339
en-zh-fair,fair,en-zh,13,2009,top1_a2b,0.9467396714783475
en-zh-fair,fair,en-zh,13,2009,top1_b2a,0.9606769537083126
en-zh-fair,fair,en-zh,14,1000,hungarian,0.9987999999999999
en-zh-fair,fair,en-zh,14,1000,mexa_mutual,0.9288000000000001
en-zh-fair,fair,en-zh,14,1000,top1_a2b,0.9608000000000001
en-zh-fair,fair,en-zh,14,1000,top1_b2a,0.9581999999999999
en-zh-fair,fair,en-zh,14,2009,hungarian,0.9965156794425087
en-zh-fair,fair,en-zh,14,2009,mexa_mutual,0.9094076655052264
en-zh-fair,fair,en-zh,14,2009,top1_a2b,0.9442508710801394
en-zh-fair,fair,en-zh,14,2009,top1_b2a,0.9507217521154804
en-zh-fair,fair,en-zh,15,1000,hungarian,0.9992000000000001
en-zh-fair,fair,en-zh,15,1000,mexa_mutual,0.7314
en-zh-fair,fair,en-zh,15,1000,top1_a2b,0.8183999999999999
en-zh-fair,fair,en-zh,15,1000,top1_b2a,0.8634000000000001
en-zh-fair,fair,en-zh,15,2009,hungarian,0.9980089596814335
en-zh-fair,fair,en-zh,15,2009,mexa_mutual,0.6575410652065704
en-zh-fair,fair,en-zh,15,2009,top1_a2b,0.7600796416127427
en-zh-fair,fair,en-zh,15,2009,top1_b2a,0.8193130910900945
en-zh-fair,fair,en-zh,16,1000,hungarian,1.0
en-zh-fair,fair,en-zh,16,1000,mexa_mutual,0.0216
en-zh-fair,fair,en-zh,16,1000,top1_a2b,0.041
en-zh-fair,fair,en-zh,16,1000,top1_b2a,0.1044
en-zh-fair,fair,en-zh,16,2009,hungarian,1.0
en-zh-fair,fair,en-zh,16,2009,mexa_mutual,0.014932802389248382
en-zh-fair,fair,en-zh,16,2009,top1_a2b,0.0273768043802887
en-zh-fair,fair,en-zh,16,2009,top1_b2a,0.07914385266301642
en-zh-starved,starved,en-zh,0,1000,hungarian,0.18460000000000001
en-zh-starved,starved,en-zh,0,1000,mexa_mutual,0.0602
en-zh-starved,starved,en-zh,0,1000,top1_a2b,0.1392
en-zh-starved,starved,en-zh,0,1000,top1_b2a,0.1008
en-zh-starved,starved,en-zh,0,2009,hungarian,0.15778994524639123
en-zh-starved,starved,en-zh,0,2009,mexa_mutual,0.049776007964161276
en-zh-starved,starved,en-zh,0,2009,top1_a2b,0.11498257839721254
en-zh-starved,starved,en-zh,0,2009,top1_b2a,0.08262817322050771
en-zh-starved,starved,en-zh,1,1000,hungarian,0.7418
en-zh-starved,starved,en-zh,1,1000,mexa_mutual,0.0876
en-zh-starved,starved,en-zh,1,1000,top1_a2b,0.3358
en-zh-starved,starved,en-zh,1,1000,top1_b2a,0.1478
en-zh-starved,starved,en-zh,1,2009,hungarian,0.6814335490293678
en-zh-starved,starved,en-zh,1,2009,mexa_mutual,0.0746640119462419
en-zh-starved,starved,en-zh,1,2009,top1_a2b,0.3001493280238925
en-zh-starved,starved,en-zh,1,2009,top1_b2a,0.12195121951219512
en-zh-starved,starved,en-zh,2,1000,hungarian,0.9593999999999999
en-zh-starved,starved,en-zh,2,1000,mexa_mutual,0.0776
en-zh-starved,starved,en-zh,2,1000,top1_a2b,0.336
en-zh-starved,starved,en-zh,2,1000,top1_b2a,0.1472
en-zh-starved,starved,en-zh,2,2009,hungarian,0.9407665505226481
en-zh-starved,starved,en-zh,2,2009,mexa_mutual,0.0627177700348432
en-zh-starved,starved,en-zh,2,2009,top1_a2b,0.30313588850174217
en-zh-starved,starved,en-zh,2,2009,top1_b2a,0.12692882030861125
en-zh-starved,starved,en-zh,3,1000,hungarian,0.9762000000000001
en-zh-starved,starved,en-zh,3,1000,mexa_mutual,0.13640000000000002
en-zh-starved,starved,en-zh,3,1000,top1_a2b,0.38280000000000003
en-zh-starved,starved,en-zh,3,1000,top1_b2a,0.24159999999999998
en-zh-starved,starved,en-zh,3,2009,hungarian,0.9651567944250871
en-zh-starved,starved,en-zh,3,2009,mexa_mutual,0.1134892981582877
en-zh-starved,starved,en-zh,3,2009,top1_a2b,0.35241413638626184
en-zh-starved,starved,en-zh,3,2009,top1_b2a,0.20856147336983574
en-zh-starved,starved,en-zh,4,1000,hungarian,0.9888
en-zh-starved,starved,en-zh,4,1000,mexa_mutual,0.211
en-zh-starved,starved,en-zh,4,1000,top1_a2b,0.44580000000000003
en-zh-starved,starved,en-zh,4,1000,top1_b2a,0.3666
en-zh-starved,starved,en-zh,4,2009,hungarian,0.9785963165754107
en-zh-starved,starved,en-zh,4,2009,mexa_mutual,0.1752115480338477
en-zh-starved,starved,en-zh,4,2009,top1_a2b,0.4131408661025386
en-zh-starved,starved,en-zh,4,2009,top1_b2a,0.31956197112991536
en-zh-starved,starved,en-zh,5,1000,hungarian,0.58
en-zh-starved,starved,en-zh,5,1000,mexa_mutual,0.2166
en-zh-starved,starved,en-zh,5,1000,top1_a2b,0.3362
en-zh-starved,starved,en-zh,5,1000,top1_b2a,0.3672
en-zh-starved,starved,en-zh,5,2009,hungarian,0.5679442508710801
en-zh-starved,starved,en-zh,5,2009,mexa_mutual,0.187655550024888
en-zh-starved,starved,en-zh,5,2009,top1_a2b,0.30711796913887507
en-zh-starved,starved,en-zh,5,2009,top1_b2a,0.3325037332005973
en-zh-starved,starved,en-zh,6,1000,hungarian,0.7064
en-zh-starved,starved,en-zh,6,1000,mexa_mutual,0.3182
en-zh-starved,starved,en-zh,6,1000,top1_a2b,0.42960000000000004
en-zh-starved,starved,en-zh,6,1000,top1_b2a,0.5074
en-zh-starved,starved,en-zh,6,2009,hungarian,0.6874066699850672
en-zh-starved,starved,en-zh,6,2009,mexa_mutual,0.289198606271777
en-zh-starved,starved,en-zh,6,2009,top1_a2b,0.4011946241911399
en-zh-starved,starved,en-zh,6,2009,top1_b2a,0.47834743653558986
en-zh-starved,starved,en-zh,7,1000,hungarian,0.8550000000000001
en-zh-starved,starved,en-zh,7,1000,mexa_mutual,0.5112
en-zh-starved,starved,en-zh,7,1000,top1_a2b,0.608
en-zh-starved,starved,en-zh,7,1000,top1_b2a,0.7226
en-zh-starved,starved,en-zh,7,2009,hungarian,0.8471876555500248
en-zh-starved,starved,en-zh,7,2009,mexa_mutual,0.4917869586859134
en-zh-starved,starved,en-zh,7,2009,top1_a2b,0.5923344947735192
en-zh-starved,starved,en-zh,7,2009,top1_b2a,0.6958685913389746
en-zh-starved,starved,en-zh,8,1000,hungarian,0.9364000000000001
en-zh-starved,starved,en-zh,8,1000,mexa_mutual,0.6738000000000001
en-zh-starved,starved,en-zh,8,1000,top1_a2b,0.745
en-zh-starved,starved,en-zh,8,1000,top1_b2a,0.86
en-zh-starved,starved,en-zh,8,2009,hungarian,0.9258337481333997
en-zh-starved,starved,en-zh,8,2009,mexa_mutual,0.6470881035340965
en-zh-starved,starved,en-zh,8,2009,top1_a2b,0.7247386759581882
en-zh-starved,starved,en-zh,8,2009,top1_b2a,0.8382279741164759
en-zh-starved,starved,en-zh,9,1000,hungarian,0.9708
en-zh-starved,starved,en-zh,9,1000,mexa_mutual,0.7944000000000001
en-zh-starved,starved,en-zh,9,1000,top1_a2b,0.8408
en-zh-starved,starved,en-zh,9,1000,top1_b2a,0.9312000000000001
en-zh-starved,starved,en-zh,9,2009,hungarian,0.9651567944250871
en-zh-starved,starved,en-zh,9,2009,mexa_mutual,0.7730214036834245
en-zh-starved,starved,en-zh,9,2009,top1_a2b,0.8218018914883026
en-zh-starved,starved,en-zh,9,2009,top1_b2a,0.9223494275759084
en-zh-starved,starved,en-zh,10,1000,hungarian,0.9853999999999999
en-zh-starved,starved,en-zh,10,1000,mexa_mutual,0.8501999999999998
en-zh-starved,starved,en-zh,10,1000,top1_a2b,0.8844
en-zh-starved,starved,en-zh,10,1000,top1_b2a,0.954
en-zh-starved,starved,en-zh,10,2009,hungarian,0.9855649576903932
en-zh-starved,starved,en-zh,10,2009,mexa_mutual,0.8297660527625684
en-zh-starved,starved,en-zh,10,2009,top1_a2b,0.8656047784967645
en-zh-starved,starved,en-zh,10,2009,top1_b2a,0.9477351916376306
en-zh-starved,starved,en-zh,11,1000,hungarian,0.9952
en-zh-starved,starved,en-zh,11,1000,mexa_mutual,0.8795999999999999
en-zh-starved,starved,en-zh,11,1000,top1_a2b,0.909
en-zh-starved,starved,en-zh,11,1000,top1_b2a,0.9648
en-zh-starved,starved,en-zh,11,2009,hungarian,0.9930313588850174
en-zh-starved,starved,en-zh,11,2009,mexa_mutual,0.8571428571428571
en-zh-starved,starved,en-zh,11,2009,top1_a2b,0.8899950223992036
en-zh-starved,starved,en-zh,11,2009,top1_b2a,0.9581881533101045
en-zh-starved,starved,en-zh,12,1000,hungarian,0.9975999999999999
en-zh-starved,starved,en-zh,12,1000,mexa_mutual,0.8977999999999999
en-zh-starved,starved,en-zh,12,1000,top1_a2b,0.9258000000000001
en-zh-starved,starved,en-zh,12,1000,top1_b2a,0.9672000000000001
en-zh-starved,starved,en-zh,12,2009,hungarian,0.9970134395221503
en-zh-starved,starved,en-zh,12,2009,mexa_mutual,0.8725734196117472
en-zh-starved,starved,en-zh,12,2009,top1_a2b,0.9054255848680935
en-zh-starved,starved,en-zh,12,2009,top1_b2a,0.960179193628671
en-zh-starved,starved,en-zh,13,1000,hungarian,0.9996
en-zh-starved,starved,en-zh,13,1000,mexa_mutual,0.9262
en-zh-starved,starved,en-zh,13,1000,top1_a2b,0.9480000000000001
en-zh-starved,starved,en-zh,13,1000,top1_b2a,0.9718
en-zh-starved,starved,en-zh,13,2009,hungarian,0.9990044798407167
en-zh-starved,starved,en-zh,13,2009,mexa_mutual,0.8994524639123942
en-zh-starved,starved,en-zh,13,2009,top1_a2b,0.9273270283723245
en-zh-starved,starved,en-zh,13,2009,top1_b2a,0.9636635141861623
en-zh-starved,starved,en-zh,14,1000,hungarian,0.9992000000000001
en-zh-starved,starved,en-zh,14,1000,mexa_mutual,0.9294
en-zh-starved,starved,en-zh,14,1000,top1_a2b,0.9574
en-zh-starved,starved,en-zh,14,1000,top1_b2a,0.9628
en-zh-starved,starved,en-zh,14,2009,hungarian,0.9980089596814335
en-zh-starved,starved,en-zh,14,2009,mexa_mutual,0.9094076655052264
en-zh-starved,starved,en-zh,14,2009,top1_a2b,0.9417620706819313
en-zh-starved,starved,en-zh,14,2009,top1_b2a,0.9527127924340468
en-zh-starved,starved,en-zh,15,1000,hungarian,0.9982
en-zh-starved,starved,en-zh,15,1000,mexa_mutual,0.775
en-zh-starved,starved,en-zh,15,1000,top1_a2b,0.8698
en-zh-starved,starved,en-zh,15,1000,top1_b2a,0.8593999999999999
en-zh-starved,starved,en-zh,15,2009,hungarian,0.9980089596814335
en-zh-starved,starved,en-zh,15,2009,mexa_mutual,0.7202588352414137
en-zh-starved,starved,en-zh,15,2009,top1_a2b,0.8267794922847188
en-zh-starved,starved,en-zh,15,2009,top1_b2a,0.8272772523643603
en-zh-starved,starved,en-zh,16,1000,hungarian,1.0
en-zh-starved,starved,en-zh,16,1000,mexa_mutual,0.0376
en-zh-starved,starved,en-zh,16,1000,top1_a2b,0.15360000000000001
en-zh-starved,starved,en-zh,16,1000,top1_b2a,0.08099999999999999
en-zh-starved,starved,en-zh,16,2009,hungarian,1.0
en-zh-starved,starved,en-zh,16,2009,mexa_mutual,0.013439522150323544
en-zh-starved,starved,en-zh,16,2009,top1_a2b,0.09059233449477352
en-zh-starved,starved,en-zh,16,2009,top1_b2a,0.018914883026381283
